date,returns
2011-09-13,0.0
2011-09-14,0.0
2011-09-15,0.0
2011-09-16,0.0
2011-09-17,0.0
2011-09-18,0.0
2011-09-19,0.0
2011-09-20,0.0
2011-09-21,0.0
2011-09-22,0.0
2011-09-23,0.0
2011-09-24,0.0
2011-09-25,0.0
2011-09-26,0.0
2011-09-27,0.0
2011-09-28,0.0
2011-09-29,0.0
2011-09-30,0.0
2011-10-01,0.0
2011-10-02,0.0
2011-10-03,0.0
2011-10-04,0.0
2011-10-05,0.0
2011-10-06,0.0
2011-10-07,0.0
2011-10-08,0.0
2011-10-09,0.0
2011-10-10,0.0011154038999999707
2011-10-11,-0.0007523881666378387
2011-10-12,-0.0005946681751517523
2011-10-13,0.0002397559595647302
2011-10-14,0.0004915073961565429
2011-10-15,-0.000996365974276277
2011-10-16,-1.9609772696817973e-07
2011-10-17,-1.9609776542250573e-07
2011-10-18,-0.013709504224828641
2011-10-19,1.7583105011800045e-05
2011-10-20,1.7582795851500423e-05
2011-10-21,0.0003718231254484415
2011-10-22,0.007727409422773061
2011-10-23,-7.13378267668734e-05
2011-10-24,-7.134291621547142e-05
2011-10-25,-0.0028629952372252504
2011-10-26,-0.000662613492700425
2011-10-27,0.034617849099123944
2011-10-28,0.002015194623619755
2011-10-29,-0.005756159320148493
2011-10-30,-0.012241477292870562
2011-10-31,-0.005541329766136736
2011-11-01,0.0008762840651475651
2011-11-02,0.007008805237158358
2011-11-03,0.0005008038260732083
2011-11-04,0.0005005531471418167
2011-11-05,-0.019470259433879453
2011-11-06,-0.0018599412391659173
2011-11-07,0.005274235500672007
2011-11-08,-6.190101496080988e-07
2011-11-09,0.00934802407230672
2011-11-10,9.1641394633138e-05
2011-11-11,-9.855343970339722e-07
2011-11-12,0.0022564446143155358
2011-11-13,-3.327384349683648e-07
2011-11-14,-0.04134829835247923
2011-11-15,0.000745107348521708
2011-11-16,0.02596923961357993
2011-11-17,-0.0005080713931712033
2011-11-18,-0.02490443540567007
2011-11-19,-0.0037935768044791342
2011-11-20,-0.0032636972956781186
2011-11-21,-0.007591162695027473
2011-11-22,0.020803085577306896
2011-11-23,0.026446695324014082
2011-11-24,0.0
2011-11-25,-0.015008039963121157
2011-11-26,0.0013335436989847205
2011-11-27,-0.007386235110144866
2011-11-28,-4.2411433055503056e-05
2011-11-29,0.004432486700376386
2011-11-30,0.03482984592693668
2011-12-01,0.01634220801920929
2011-12-02,-0.029112453939530217
2011-12-03,-0.00866054499080643
2011-12-04,0.00035647713770711634
2011-12-05,0.00035635010704108944
2011-12-06,0.004571991850152235
2011-12-07,0.02948637457584765
2011-12-08,4.643292882490008e-05
2011-12-09,-0.009214957261275207
2011-12-10,-1.5719163853076319e-07
2011-12-11,0.0067691841354822965
2011-12-12,0.020101035455234752
2011-12-13,0.00784361454317568
2011-12-14,-0.00844858631379493
2011-12-15,-0.0018475323844196253
2011-12-16,-0.0007483304677037266
2011-12-17,0.006038085388504996
2011-12-18,3.9435334665218875e-05
2011-12-19,0.035605687563690286
2011-12-20,0.06850087635732229
2011-12-21,-0.0158528782649785
2011-12-22,-0.019959259220521854
2011-12-23,0.005591123870797107
2011-12-24,0.01083621167251845
2011-12-25,-0.005880127785991371
2011-12-26,0.005958544564225444
2011-12-27,-0.00398118677891145
2011-12-28,0.001001557410039354
2011-12-29,0.020135221292386443
2011-12-30,-0.028661598067430644
2011-12-31,0.038116891981581885
2012-01-01,0.04206816221342488
2012-01-02,-2.0568244269997169e-07
2012-01-03,0.027880566892319058
2012-01-04,0.0273668462154175
2012-01-05,0.10204938964210566
2012-01-06,-0.05606352324119975
2012-01-07,0.07309624882269065
2012-01-08,0.017029285328060362
2012-01-09,-0.05907944728048393
2012-01-10,0.07600434820929088
2012-01-11,-0.011934087280339676
2012-01-12,-0.04265197760893676
2012-01-13,0.008091335328658756
2012-01-14,-0.02724775842985647
2012-01-15,0.07939805848414226
2012-01-16,-0.004231696687563917
2012-01-17,-0.0963069049776544
2012-01-18,0.10896078032940504
2012-01-19,-0.07671990471464428
2012-01-20,0.07281308629952159
2012-01-21,-0.016487670861775643
2012-01-22,0.0019205247109363808
2012-01-23,-0.02622811706664425
2012-01-24,0.0030472573348468038
2012-01-25,-0.02432443672308407
2012-01-26,-0.08525594914771563
2012-01-27,0.046210160032414405
2012-01-28,-0.1078019286253674
2012-01-29,0.07349292421730044
2012-01-30,0.009319569281986163
2012-01-31,-0.03281624363140747
2012-02-01,0.06993438960730645
2012-02-02,0.04599449629221136
2012-02-03,0.002220318887594367
2012-02-04,-0.04076514605741145
2012-02-05,-0.040265459414417684
2012-02-06,-1.2316352864129826e-06
2012-02-07,0.01151590225476738
2012-02-08,0.02245730533435504
2012-02-09,0.0028222721874397953
2012-02-10,-0.0012367602325086373
2012-02-11,-0.047730806192982304
2012-02-12,0.02233413751091754
2012-02-13,0.015875149128828706
2012-02-14,-0.11652634330667322
2012-02-15,-0.029724216932909043
2012-02-16,-0.027551155044748
2012-02-17,0.025441919674773675
2012-02-18,-0.07154598140911485
2012-02-19,0.026259460077458368
2012-02-20,0.008945430688445822
2012-02-21,0.024845669276049958
2012-02-22,-0.012312439783577269
2012-02-23,0.1344228502838709
2012-02-24,-0.045378670624198585
2012-02-25,0.00880292244097931
2012-02-26,-0.003490442878448051
2012-02-27,0.010508006230859344
2012-02-28,-0.0277299633215937
2012-02-29,0.019608081154825967
2012-03-01,0.0017482725619807366
2012-03-02,-0.03664965022370486
2012-03-03,-0.02565385905181388
2012-03-04,0.030078783136422982
2012-03-05,0.045965952175700715
2012-03-06,-0.014062699331300336
2012-03-07,-0.008914549714369951
2012-03-08,0.014391573944387115
2012-03-09,-0.014187395000164025
2012-03-10,0.0017989467430485032
2012-03-11,0.010774298069868814
2012-03-12,-0.001776574996423196
2012-03-13,0.05517184180377453
2012-03-14,-0.005060038835013267
2012-03-15,0.020343092176490003
2012-03-16,-0.021598960219208336
2012-03-17,0.02717018336403885
2012-03-18,-0.028104709708128343
2012-03-19,-0.07144305138098389
2012-03-20,-0.007327606714527886
2012-03-21,0.03137221176633222
2012-03-22,-0.008946451147779448
2012-03-23,-0.023470752928704958
2012-03-24,0.009244180542426095
2012-03-25,-0.05312514868032744
2012-03-26,0.03687394792123698
2012-03-27,0.02079971322920791
2012-03-28,0.016581514629551278
2012-03-29,-0.01631105267106267
2012-03-30,0.007369562057578389
2012-03-31,0.0036578244644031132
2012-04-01,-0.0018222467733738613
2012-04-02,0.027383601279680692
2012-04-03,-0.008884575422322677
2012-04-04,0.003585687479783935
2012-04-05,-0.0017864381310520453
2012-04-06,-0.0017896352036204663
2012-04-07,-0.05199246845686964
2012-04-08,0.011296409824142005
2012-04-09,-0.001881843948611437
2012-04-10,0.00942695981033046
2012-04-11,0.02241341319935088
2012-04-12,0.001826838741712543
2012-04-13,0.0
2012-04-14,0.005470522462765632
2012-04-15,0.005440758670245436
2012-04-16,-0.0018037723334526773
2012-04-17,0.0
2012-04-18,0.032526572533788364
2012-04-19,-0.005250320491989825
2012-04-20,0.04398359875644354
2012-04-21,-0.023593105612911603
2012-04-22,-0.012081595156966557
2012-04-23,-0.029699838231516607
2012-04-24,0.014404196775992048
2012-04-25,0.010649746537256885
2012-04-26,-0.0281000655238425
2012-04-27,0.010842190844596077
2012-04-28,-0.02323944697737345
2012-04-29,0.0
2012-04-30,0.016471639704966363
2012-05-01,-0.005401573790997115
2012-05-02,0.01629272774415778
2012-05-03,0.0071251246152375155
2012-05-04,-0.005306037284562501
2012-05-05,-0.005334341499447157
2012-05-06,0.007150599069961051
2012-05-07,-0.005324873268628569
2012-05-08,-0.005353379335146994
2012-05-09,0.0
2012-05-10,-0.026910961259631352
2012-05-11,0.014749434122063747
2012-05-12,-0.007267525177200319
2012-05-13,0.005490546568322209
2012-05-14,-0.0018201883604845085
2012-05-15,0.0036470149751770867
2012-05-16,0.01635193164870075
2012-05-17,-0.003575299534980589
2012-05-18,0.008970320419877161
2012-05-19,0.0
2012-05-20,-0.0071124553325961236
2012-05-21,0.008954255910948474
2012-05-22,-0.008874788781047362
2012-05-23,0.012535958275327837
2012-05-24,0.003537358189708418
2012-05-25,-0.00704977878668998
2012-05-26,-0.0017749577562095234
2012-05-27,0.0
2012-05-28,0.0
2012-05-29,0.007112455332596377
2012-05-30,0.005296669176517509
2012-05-31,0.005268762285720586
2012-06-01,0.008735246538681251
2012-06-02,-0.0051957616641163645
2012-06-03,0.0
2012-06-04,0.0052228986004401
2012-06-05,0.02597880832058269
2012-06-06,0.006752266384684786
2012-06-07,0.020120937225995044
2012-06-08,0.013149380295183165
2012-06-09,-0.02109041706509966
2012-06-10,-0.009943756619734706
2012-06-11,0.016739380020446254
2012-06-12,0.03128119424095534
2012-06-13,0.02394660137489336
2012-06-14,0.006236419319194654
2012-06-15,0.0805709767535399
2012-06-16,-0.0014339103066604252
2012-06-17,-0.03159132587430097
2012-06-18,-0.019276574189971724
2012-06-19,0.060478351396729815
2012-06-20,0.02566319066549884
2012-06-21,0.0
2012-06-22,-0.00695029726973455
2012-06-23,-0.019597037592128358
2012-06-24,-0.007138842155269936
2012-06-25,-0.02013248063621136
2012-06-26,0.02201370546640296
2012-06-27,0.011487754863382191
2012-06-28,0.0014196606444501643
2012-06-29,0.002835296130568197
2012-06-30,0.012722759795938223
2012-07-01,-0.01256292472236117
2012-07-02,0.012722759795938223
2012-07-03,-0.023729968920015145
2012-07-04,0.0
2012-07-05,0.022876957895144625
2012-07-06,-0.0013978317307966328
2012-07-07,0.027995767988754763
2012-07-08,-0.008170004836749564
2012-07-09,0.028830562765867606
2012-07-10,0.01868176925612879
2012-07-11,0.007859640547201945
2012-07-12,0.05848761249335305
2012-07-13,0.0
2012-07-14,-0.0049116294106187385
2012-07-15,0.0024679362937937623
2012-07-16,0.08985791112331859
2012-07-17,0.02823602684343978
2012-07-18,0.0494291650859751
2012-07-19,-0.02512053434023536
2012-07-20,-0.034357114870927005
2012-07-21,0.033355804394694724
2012-07-22,-0.034431049340759946
2012-07-23,0.018943748087373882
2012-07-24,0.002187241689992043
2012-07-25,0.003273702157149486
2012-07-26,0.011964406672281838
2012-07-27,0.008598510593237086
2012-07-28,0.005328254071694352
2012-07-29,-0.01802004844724931
2012-07-30,0.03130418558617206
2012-07-31,0.029307290063607837
2012-08-01,0.017287074517109268
2012-08-02,0.09896104002062686
2012-08-03,0.03183572938059912
2012-08-04,-0.02468278891618517
2012-08-05,0.018076748068424933
2012-08-06,0.011541257834214287
2012-08-07,-0.0078989378986285
2012-08-08,0.02123154102035459
2012-08-09,0.0008662556011841372
2012-08-10,0.02769618726054601
2012-08-11,0.0050530839519753006
2012-08-12,0.00921741089421947
2012-08-13,0.033211731620309166
2012-08-14,0.028929751321544545
2012-08-15,0.05935674362428728
2012-08-16,0.03022721227617973
2012-08-17,-0.06583685088415722
2012-08-18,-0.0735410326630321
2012-08-19,-0.28774749104083075
2012-08-20,0.2310209632281232
2012-08-21,0.012259597658551944
2012-08-22,-0.020495741873087392
2012-08-23,0.005706711060407575
2012-08-24,0.033100254265260684
2012-08-25,0.018308417726769742
2012-08-26,-0.02337302003054524
2012-08-27,0.04326240149343021
2012-08-28,0.01941073096897478
2012-08-29,-0.019041128741625474
2012-08-30,-0.01146997739075772
2012-08-31,-0.04373462688519182
2012-09-01,-0.023334092996408325
2012-09-02,0.025802907888365777
2012-09-03,0.034470111332011104
2012-09-04,-0.017111048243347467
2012-09-05,0.057724357922217084
2012-09-06,0.002598766803552289
2012-09-07,0.0008640102400543549
2012-09-08,-0.005179586224788421
2012-09-09,0.0008677590033783226
2012-09-10,-0.002601019951654325
2012-09-11,0.007823408697073885
2012-09-12,0.008625197881958533
2012-09-13,0.013682304031381622
2012-09-14,0.016872031770910245
2012-09-15,0.010784858181213577
2012-09-16,0.009849033278603687
2012-09-17,0.008127479912044789
2012-09-18,0.004837173913414667
2012-09-19,0.03289490337318537
2012-09-20,-0.00310705266837507
2012-09-21,-0.007012657199106679
2012-09-22,-0.017263111212271316
2012-09-23,0.0015969419327547224
2012-09-24,-0.007174780988777341
2012-09-25,-0.01204438413292732
2012-09-26,0.03657365960420178
2012-09-27,0.0015681432451504738
2012-09-28,0.004697064066163247
2012-09-29,0.0
2012-09-30,-0.004675104799404417
2012-10-01,-0.0062627520882177
2012-10-02,0.03938888336289418
2012-10-03,0.019706021178941067
2012-10-04,-0.02452813644319558
2012-10-05,-0.0053337653578588475
2012-10-06,-0.00842657665930558
2012-10-07,-0.0525342486766943
2012-10-08,-0.007338589616717563
2012-10-09,0.030392797581929483
2012-10-10,0.019929947191048254
2012-10-11,-0.011724303563751587
2012-10-12,-0.015026965215918628
2012-10-13,-0.00401479471097585
2012-10-14,-0.004837173913414553
2012-10-15,-0.010531486108940537
2012-10-16,0.02128715762268331
2012-10-17,-0.003206686094232212
2012-10-18,-0.006434004019684695
2012-10-19,-0.010522961307338102
2012-10-20,-0.005726469350119544
2012-10-21,-0.02303780267136941
2012-10-22,0.014317071197263113
2012-10-23,0.007472639614569551
2012-10-24,-0.014834426903004275
2012-10-25,-0.07110628130770134
2012-10-26,-0.04953198175705807
2012-10-27,0.040743089905057824
2012-10-28,0.010014624172903138
2012-10-29,0.023436224879030517
2012-10-30,0.0
2012-10-31,0.01761503536157578
2012-11-01,-0.01298258777838105
2012-11-02,-0.015784022795495525
2012-11-03,-0.0008909529774104894
2012-11-04,-0.0017834949649700891
2012-11-05,0.0125067705170363
2012-11-06,-0.003529223812540789
2012-11-07,0.0053125850203714145
2012-11-08,0.0008807517680788082
2012-11-09,-0.0008799767270206162
2012-11-10,0.0008807517680788082
2012-11-11,0.0008799767270204908
2012-11-12,0.004396015243996612
2012-11-13,0.0
2012-11-14,0.008753549749854029
2012-11-15,0.006942072027027447
2012-11-16,0.03533283604576681
2012-11-17,0.00915603277332299
2012-11-18,-0.004948887518231408
2012-11-19,0.011604835233444584
2012-11-20,0.0
2012-11-21,0.0016388154218294725
2012-11-22,0.017179408050358398
2012-11-23,0.02251901406889626
2012-11-24,0.007078845891913744
2012-11-25,0.004686058707180644
2012-11-26,-0.008551036968589101
2012-11-27,-0.010192931093476292
2012-11-28,0.011882188668969257
2012-11-29,0.011742660165408172
2012-11-30,0.0046425482003449575
2012-12-01,-0.006931641819264195
2012-12-02,0.006204466534599057
2012-12-03,0.013873969125705158
2012-12-04,-0.0007602286733961239
2012-12-05,0.04640923070504842
2012-12-06,0.018176613852734325
2012-12-07,-0.005712679267760278
2012-12-08,-0.0007181876843649946
2012-12-09,-0.005030926940323828
2012-12-10,0.0007223378777067487
2012-12-11,0.0036090824116036656
2012-12-12,0.010069090574795431
2012-12-13,0.0021361531465136537
2012-12-14,-0.0007105332410193107
2012-12-15,-0.00924349994722792
2012-12-16,-0.007894394870842163
2012-12-17,-0.0050636805204274365
2012-12-18,-0.0050894518787653895
2012-12-19,0.01973116376946985
2012-12-20,-0.0035832181523822618
2012-12-21,-0.010788311330138078
2012-12-22,0.0
2012-12-23,-0.0043623873246561055
2012-12-24,0.0065722516944705656
2012-12-25,0.0007254821370699799
2012-12-26,-0.004349737165804519
2012-12-27,0.0014562466789033116
2012-12-28,-0.0014541291082187716
2012-12-29,0.00291249335780683
2012-12-30,-0.0014520176870346125
2012-12-31,0.002908258216437543
2013-01-01,-0.0014499123886012994
2013-01-02,-0.009438114965723741
2013-01-03,0.007329262860664994
2013-01-04,0.0
2013-01-05,-0.0029103742463910784
2013-01-06,0.0
2013-01-07,0.003648586560349767
2013-01-08,0.02181193662328115
2013-01-09,0.005692355143253439
2013-01-10,0.029715712115383236
2013-01-11,0.0
2013-01-12,-0.007558092408264356
2013-01-13,-0.01730830048051749
2013-01-14,0.03240820381379515
2013-01-15,0.006824104721974615
2013-01-16,0.022366911436566318
2013-01-17,0.055025422438497666
2013-01-18,0.013195980435863394
2013-01-19,-0.011783722621181651
2013-01-20,0.0075310954692099814
2013-01-21,0.06353581718336462
2013-01-22,0.048612104216164936
2013-01-23,0.008378045612617653
2013-01-24,-0.011631812006120236
2013-01-25,0.011208288905767078
2013-01-26,0.0
2013-01-27,0.006096230584544071
2013-01-28,0.058940383336639576
2013-01-29,0.035372567206725165
2013-01-30,0.0050241316830228295
2013-01-31,0.05049006128196675
2013-02-01,-0.0052346212192166
2013-02-02,-0.025354075766498955
2013-02-03,0.02306868830944734
2013-02-04,0.0004797558180881208
2013-02-05,0.009590515256268393
2013-02-06,0.01947379257060394
2013-02-07,0.0372718203421317
2013-02-08,0.03099182337228156
2013-02-09,0.03223847844486676
2013-02-10,0.023634738386680697
2013-02-11,0.009895300749812352
2013-02-12,0.062464437881053124
2013-02-13,-0.018060295865006404
2013-02-14,0.09391899218192697
2013-02-15,-0.014309254593370391
2013-02-16,0.01814622722701368
2013-02-17,-0.018535722876952213
2013-02-18,-0.002179128986031075
2013-02-19,0.08990338766962863
2013-02-20,0.02037140279922594
2013-02-21,0.0
2013-02-22,0.013091602607519858
2013-02-23,-0.027783218747172253
2013-02-24,0.00797502835177201
2013-02-25,0.02142814505504235
2013-02-26,0.021624108070771017
2013-02-27,0.006634245865162918
2013-02-28,0.06967124015196642
2013-03-01,0.029926120417657326
2013-03-02,-0.011109865001824018
2013-03-03,0.004897168548931527
2013-03-04,0.06277961132168698
2013-03-05,0.11409632624997018
2013-03-06,0.03801090447557536
2013-03-07,-0.01492748383432571
2013-03-08,0.04924949347931945
2013-03-09,0.050548431411462966
2013-03-10,-0.015251126913573628
2013-03-11,0.06456688059770202
2013-03-12,-0.06987141236031806
2013-03-13,0.047363153469157857
2013-03-14,-0.0008413270462539402
2013-03-15,-0.0010525443418396266
2013-03-16,-0.00337169074790573
2013-03-17,0.010572179707711288
2013-03-18,0.06507101531429824
2013-03-19,0.17798230454479064
2013-03-20,0.07988134614855891
2013-03-21,0.12400790414189734
2013-03-22,-0.03201255797933693
2013-03-23,-0.08516202591278076
2013-03-24,0.09805452240614658
2013-03-25,0.0690932314088556
2013-03-26,0.0621167783823412
2013-03-27,0.11808779367938332
2013-03-28,-0.008680754866216745
2013-03-29,0.016615410202974534
2013-03-30,0.02330102999621517
2013-03-31,0.043598406619898784
2013-04-01,0.08841418740556713
2013-04-02,0.10735940462402173
2013-04-03,0.1525473997085032
2013-04-04,0.009054945209413887
2013-04-05,0.04597057783177319
2013-04-06,-0.00473741279305398
2013-04-07,0.12750227020562546
2013-04-08,0.08655061277859857
2013-04-09,0.14753050558500344
2013-04-10,-0.17232988228231744
2013-04-11,-0.2097314730712104
2013-04-12,0.07231242713706812
2013-04-13,-0.029539353814439014
2013-04-14,-0.0005002464338170337
2013-04-15,0.0
2013-04-16,0.0
2013-04-17,0.0
2013-04-18,0.0
2013-04-19,0.0
2013-04-20,0.0
2013-04-21,0.0
2013-04-22,0.0
2013-04-23,0.0
2013-04-24,0.0
2013-04-25,0.0
2013-04-26,0.0
2013-04-27,0.0
2013-04-28,0.0
2013-04-29,0.0
2013-04-30,0.0
2013-05-01,0.0
2013-05-02,0.0
2013-05-03,0.0
2013-05-04,0.0
2013-05-05,0.0
2013-05-06,0.0
2013-05-07,0.0
2013-05-08,0.0
2013-05-09,0.0
2013-05-10,0.0
2013-05-11,0.0
2013-05-12,0.0
2013-05-13,0.0
2013-05-14,0.0
2013-05-15,0.0
2013-05-16,0.0
2013-05-17,0.0
2013-05-18,0.0
2013-05-19,0.0
2013-05-20,0.0
2013-05-21,0.0
2013-05-22,0.0
2013-05-23,0.0
2013-05-24,0.0
2013-05-25,0.0
2013-05-26,0.0
2013-05-27,0.0
2013-05-28,0.0
2013-05-29,0.0
2013-05-30,0.0
2013-05-31,0.0
2013-06-01,0.0
2013-06-02,0.0
2013-06-03,0.0
2013-06-04,0.0
2013-06-05,0.0
2013-06-06,0.0
2013-06-07,0.0
2013-06-08,0.0
2013-06-09,0.0
2013-06-10,0.0
2013-06-11,0.0
2013-06-12,0.0
2013-06-13,0.0
2013-06-14,0.0
2013-06-15,0.0
2013-06-16,0.0
2013-06-17,0.0
2013-06-18,0.0
2013-06-19,0.0
2013-06-20,0.0
2013-06-21,0.0
2013-06-22,0.0
2013-06-23,0.0
2013-06-24,0.0
2013-06-25,0.0
2013-06-26,0.0
2013-06-27,0.0
2013-06-28,0.0
2013-06-29,0.0
2013-06-30,0.0
2013-07-01,0.0
2013-07-02,0.0
2013-07-03,0.0
2013-07-04,0.0
2013-07-05,0.0
2013-07-06,-0.0010079878351216037
2013-07-07,0.019012382751549112
2013-07-08,0.0015366098612277096
2013-07-09,0.0032799847989847205
2013-07-10,0.06459655021048236
2013-07-11,0.006042105803356526
2013-07-12,0.021546244501971068
2013-07-13,0.012067295887762432
2013-07-14,-0.014614349741235069
2013-07-15,0.03726737299900619
2013-07-16,-0.02137546561995354
2013-07-17,-0.005680971555478389
2013-07-18,-0.0560507124178617
2013-07-19,0.013710795089792985
2013-07-20,-0.01598818271555668
2013-07-21,0.009861409245249244
2013-07-22,-0.0036208272634965727
2013-07-23,0.015196665785502519
2013-07-24,0.015620018188891981
2013-07-25,0.01858390766909919
2013-07-26,-0.0022019643069682445
2013-07-27,-0.018810544478360145
2013-07-28,0.048731172386518855
2013-07-29,0.006944487472382066
2013-07-30,0.03225171975118801
2013-07-31,0.016801043361905244
2013-08-01,-0.01604029115680844
2013-08-02,-0.007561667364680181
2013-08-03,-0.0029685513660420307
2013-08-04,0.008237445392489011
2013-08-05,0.014076272666865518
2013-08-06,-0.0011648292245632296
2013-08-07,-0.005830938170002209
2013-08-08,-0.02756614589128864
2013-08-09,-0.020104666241640774
2013-08-10,0.012720637235824566
2013-08-11,0.005875238701082477
2013-08-12,0.012688899279883122
2013-08-13,0.02784424118339557
2013-08-14,0.010061978567252229
2013-08-15,-0.010632245696345173
2013-08-16,0.0016458611536620605
2013-08-17,0.014111816758088525
2013-08-18,-0.003907761826928688
2013-08-19,0.03396823853121865
2013-08-20,0.018693423482344863
2013-08-21,0.05050899931282792
2013-08-22,-0.011328319552179002
2013-08-23,-0.012857585942765985
2013-08-24,0.013290874213336124
2013-08-25,0.03471511946518345
2013-08-26,-0.010310202444953138
2013-08-27,0.04995329440016991
2013-08-28,0.0013012425949737061
2013-08-29,0.004792096389024439
2013-08-30,0.05141080908167362
2013-08-31,0.02414095984148069
2013-09-01,0.019968561783217403
2013-09-02,-0.003753604749779858
2013-09-03,-0.007166107770058314
2013-09-04,-0.04739957405933605
2013-09-05,-0.002421508117131405
2013-09-06,-0.037820240748172015
2013-09-07,0.018392017892546873
2013-09-08,-0.0127058311392453
2013-09-09,0.027033722392972283
2013-09-10,0.0030735429486304943
2013-09-11,0.04305488782107208
2013-09-12,-0.008812935725394827
2013-09-13,0.010107197599711808
2013-09-14,-0.024225208378693082
2013-09-15,0.006707818579075357
2013-09-16,0.006969474063378235
2013-09-17,0.004943740488445431
2013-09-18,0.0006054670956136115
2013-09-19,-0.0213298006279456
2013-09-20,-0.009815333140650485
2013-09-21,0.0037465054093454727
2013-09-22,-0.000933130374341302
2013-09-23,-0.004981343572813062
2013-09-24,0.009621447414238135
2013-09-25,-0.004726139826451917
2013-09-26,0.012377452199393721
2013-09-27,0.01622460471851685
2013-09-28,-0.0031023144840173307
2013-09-29,0.003567378856678136
2013-09-30,-0.005748022140275425
2013-10-01,0.008215464661579535
2013-10-02,-0.17715487763528012
2013-10-03,0.12635316944649086
2013-10-04,0.035086464403593184
2013-10-05,-0.005819925528995253
2013-10-06,0.010204937832814944
2013-10-07,0.007909199675778937
2013-10-08,0.004894747647395913
2013-10-09,0.01368492579861213
2013-10-10,0.006864496718514083
2013-10-11,0.00439362673782931
2013-10-12,0.004525248853740312
2013-10-13,0.036339230027808575
2013-10-14,0.018836567618266232
2013-10-15,0.052193924956401135
2013-10-16,-0.035142402657807145
2013-10-17,0.044687449130480096
2013-10-18,0.060006948755378674
2013-10-19,0.08292251935477082
2013-10-20,0.0034460726053939803
2013-10-21,0.07881285108619925
2013-10-22,0.05190477765830336
2013-10-23,0.07288697282167937
2013-10-24,-0.04823841500582315
2013-10-25,-0.0365180940120685
2013-10-26,-0.03670310342614955
2013-10-27,0.07815147164227428
2013-10-28,0.013151990258795843
2013-10-29,0.0399842652672353
2013-10-30,-0.0340639383847536
2013-10-31,0.02959318349940545
2013-11-01,-0.006658701987576035
2013-11-02,0.01306909688060584
2013-11-03,0.024468105131927348
2013-11-04,0.07820290621508708
2013-11-05,0.06925548189126776
2013-11-06,0.08197996750688355
2013-11-07,0.10340868965978876
2013-11-08,0.14513882537599934
2013-11-09,0.0195153632250658
2013-11-10,-0.04385541231865957
2013-11-11,0.04721443602769094
2013-11-12,0.021101026743019655
2013-11-13,0.06303581338681445
2013-11-14,0.03089098409299029
2013-11-15,-0.0053393394106078145
2013-11-16,0.019786630797945508
2013-11-17,0.028467501694211837
2013-11-18,0.08826906326578912
2013-11-19,-0.035124043557051066
2013-11-20,0.009139165687499187
2013-11-21,0.0
2013-11-22,0.0
2013-11-23,0.0
2013-11-24,0.0
2013-11-25,0.0
2013-11-26,0.0
2013-11-27,0.0
2013-11-28,0.0
2013-11-29,0.0
2013-11-30,0.0
2013-12-01,0.0
2013-12-02,0.0
2013-12-03,0.0
2013-12-04,0.0
2013-12-05,0.0
2013-12-06,0.0
2013-12-07,0.0
2013-12-08,0.0
2013-12-09,0.0
2013-12-10,0.0
2013-12-11,0.0
2013-12-12,0.0
2013-12-13,0.0
2013-12-14,0.0
2013-12-15,0.0
2013-12-16,0.0
2013-12-17,0.0
2013-12-18,0.0
2013-12-19,0.0
2013-12-20,0.0
2013-12-21,0.0
2013-12-22,0.0
2013-12-23,0.0
2013-12-24,0.0
2013-12-25,0.0
2013-12-26,0.0
2013-12-27,0.0
2013-12-28,0.0
2013-12-29,0.0
2013-12-30,0.0
2013-12-31,0.0
2014-01-01,0.0
2014-01-02,0.0
2014-01-03,0.0
2014-01-04,0.0
2014-01-05,0.0
2014-01-06,0.0
2014-01-07,0.0
2014-01-08,0.0
2014-01-09,0.0
2014-01-10,0.0
2014-01-11,0.0
2014-01-12,0.0
2014-01-13,0.0
2014-01-14,0.0
2014-01-15,0.0
2014-01-16,0.0
2014-01-17,0.0
2014-01-18,0.0
2014-01-19,0.0
2014-01-20,0.0
2014-01-21,0.0
2014-01-22,0.0
2014-01-23,0.0
2014-01-24,0.0
2014-01-25,0.0
2014-01-26,0.0
2014-01-27,0.0
2014-01-28,0.0
2014-01-29,0.0
2014-01-30,0.0
2014-01-31,0.0
2014-02-01,0.0
2014-02-02,0.0
2014-02-03,0.0
2014-02-04,0.0
2014-02-05,0.0
2014-02-06,0.0
2014-02-07,0.0
2014-02-08,0.0
2014-02-09,0.0
2014-02-10,0.0
2014-02-11,0.0
2014-02-12,0.0
2014-02-13,0.0
2014-02-14,0.0
2014-02-15,0.0
2014-02-16,0.0
2014-02-17,0.0
2014-02-18,0.0
2014-02-19,0.0
2014-02-20,0.0
2014-02-21,0.0
2014-02-22,0.0
2014-02-23,0.0
2014-02-24,0.0
2014-02-25,0.0
2014-02-26,0.0
2014-02-27,0.0
2014-02-28,0.0
2014-03-01,0.0
2014-03-02,0.0
2014-03-03,0.0
2014-03-04,0.0
2014-03-05,0.0
2014-03-06,0.0
2014-03-07,0.0
2014-03-08,0.0
2014-03-09,0.0
2014-03-10,0.0
2014-03-11,0.0
2014-03-12,0.0
2014-03-13,0.0
2014-03-14,0.0
2014-03-15,0.0
2014-03-16,0.0
2014-03-17,0.0
2014-03-18,0.0
2014-03-19,0.0
2014-03-20,0.0
2014-03-21,0.0
2014-03-22,0.0
2014-03-23,0.0
2014-03-24,0.0
2014-03-25,0.0
2014-03-26,0.0
2014-03-27,0.0
2014-03-28,0.0
2014-03-29,0.0
2014-03-30,0.0
2014-03-31,0.0
2014-04-01,0.0
2014-04-02,0.0
2014-04-03,0.0
2014-04-04,0.0
2014-04-05,0.0
2014-04-06,0.0
2014-04-07,0.0
2014-04-08,0.0
2014-04-09,0.0
2014-04-10,0.0
2014-04-11,0.0
2014-04-12,0.0
2014-04-13,0.0
2014-04-14,0.0
2014-04-15,0.0
2014-04-16,0.0
2014-04-17,0.0
2014-04-18,0.0
2014-04-19,0.0
2014-04-20,0.0
2014-04-21,0.0
2014-04-22,0.0
2014-04-23,0.0
2014-04-24,0.0
2014-04-25,0.0
2014-04-26,0.0
2014-04-27,0.0
2014-04-28,0.0
2014-04-29,0.0
2014-04-30,0.0
2014-05-01,0.0
2014-05-02,0.0
2014-05-03,0.0
2014-05-04,0.0
2014-05-05,0.0
2014-05-06,0.0
2014-05-07,0.0
2014-05-08,0.0
2014-05-09,0.0
2014-05-10,0.0
2014-05-11,0.0
2014-05-12,0.0
2014-05-13,0.0
2014-05-14,0.0
2014-05-15,0.0
2014-05-16,0.0
2014-05-17,0.0
2014-05-18,0.0
2014-05-19,0.0
2014-05-20,0.0
2014-05-21,0.0
2014-05-22,0.0
2014-05-23,0.0
2014-05-24,0.0
2014-05-25,0.0
2014-05-26,0.0
2014-05-27,0.0
2014-05-28,0.0
2014-05-29,0.0
2014-05-30,0.0
2014-05-31,0.0
2014-06-01,0.0
2014-06-02,0.0
2014-06-03,0.0
2014-06-04,0.0
2014-06-05,0.0
2014-06-06,0.0
2014-06-07,0.0
2014-06-08,0.0
2014-06-09,0.0
2014-06-10,0.0
2014-06-11,0.0
2014-06-12,0.0
2014-06-13,0.0
2014-06-14,0.0
2014-06-15,0.0
2014-06-16,0.0
2014-06-17,0.0
2014-06-18,0.0
2014-06-19,0.0
2014-06-20,0.0
2014-06-21,0.0
2014-06-22,0.0
2014-06-23,0.0
2014-06-24,0.0
2014-06-25,0.0
2014-06-26,0.0
2014-06-27,0.0
2014-06-28,0.0
2014-06-29,0.0
2014-06-30,0.0
2014-07-01,0.0
2014-07-02,0.0
2014-07-03,0.0
2014-07-04,0.0
2014-07-05,0.0
2014-07-06,0.0
2014-07-07,0.0
2014-07-08,0.0
2014-07-09,0.0
2014-07-10,0.0
2014-07-11,0.0
2014-07-12,0.0
2014-07-13,0.0
2014-07-14,0.0
2014-07-15,0.0
2014-07-16,0.0
2014-07-17,0.0
2014-07-18,0.0
2014-07-19,0.0
2014-07-20,0.0
2014-07-21,0.0
2014-07-22,0.0
2014-07-23,0.0
2014-07-24,0.0
2014-07-25,0.0
2014-07-26,0.0
2014-07-27,0.0
2014-07-28,0.0
2014-07-29,0.0
2014-07-30,0.0
2014-07-31,0.0
2014-08-01,0.0
2014-08-02,0.0
2014-08-03,0.0
2014-08-04,0.0
2014-08-05,0.0
2014-08-06,0.0
2014-08-07,0.0
2014-08-08,0.0
2014-08-09,0.0
2014-08-10,0.0
2014-08-11,0.0
2014-08-12,0.0
2014-08-13,0.0
2014-08-14,0.0
2014-08-15,0.0
2014-08-16,0.0
2014-08-17,0.0
2014-08-18,0.0
2014-08-19,0.0
2014-08-20,0.0
2014-08-21,0.0
2014-08-22,0.0
2014-08-23,0.0
2014-08-24,0.0
2014-08-25,0.0
2014-08-26,0.0
2014-08-27,0.0
2014-08-28,0.0
2014-08-29,0.0
2014-08-30,0.0
2014-08-31,0.0
2014-09-01,0.0
2014-09-02,0.0
2014-09-03,0.0
2014-09-04,0.0
2014-09-05,0.0
2014-09-06,0.0
2014-09-07,0.0
2014-09-08,0.0
2014-09-09,0.0
2014-09-10,0.0
2014-09-11,0.0
2014-09-12,0.0
2014-09-13,0.0
2014-09-14,0.0
2014-09-15,0.0
2014-09-16,0.0
2014-09-17,0.0
2014-09-18,0.0
2014-09-19,0.0
2014-09-20,0.0
2014-09-21,0.0
2014-09-22,0.0
2014-09-23,0.0
2014-09-24,0.0
2014-09-25,0.0
2014-09-26,0.0
2014-09-27,0.0
2014-09-28,0.0
2014-09-29,0.0
2014-09-30,0.0
2014-10-01,0.0
2014-10-02,0.0
2014-10-03,0.0
2014-10-04,0.0
2014-10-05,0.0
2014-10-06,0.0
2014-10-07,0.0
2014-10-08,0.0
2014-10-09,0.0
2014-10-10,0.0
2014-10-11,0.0
2014-10-12,0.0
2014-10-13,0.0
2014-10-14,0.0
2014-10-15,0.0
2014-10-16,0.0
2014-10-17,0.0
2014-10-18,0.0
2014-10-19,0.0
2014-10-20,0.0
2014-10-21,0.0
2014-10-22,0.0
2014-10-23,0.0
2014-10-24,0.0
2014-10-25,0.0
2014-10-26,0.0
2014-10-27,0.0
2014-10-28,0.0
2014-10-29,0.0
2014-10-30,0.0
2014-10-31,0.0
2014-11-01,0.0
2014-11-02,0.0
2014-11-03,0.0
2014-11-04,0.0
2014-11-05,0.0
2014-11-06,0.0
2014-11-07,0.0
2014-11-08,0.0
2014-11-09,0.0
2014-11-10,0.0
2014-11-11,0.0
2014-11-12,0.0
2014-11-13,0.0
2014-11-14,0.0
2014-11-15,0.0
2014-11-16,0.0
2014-11-17,0.0
2014-11-18,0.0
2014-11-19,0.0
2014-11-20,0.0
2014-11-21,0.0
2014-11-22,0.0
2014-11-23,0.0
2014-11-24,0.0
2014-11-25,0.0
2014-11-26,0.0
2014-11-27,0.0
2014-11-28,0.0
2014-11-29,0.0
2014-11-30,0.0
2014-12-01,0.0
2014-12-02,0.0
2014-12-03,0.0
2014-12-04,0.0
2014-12-05,0.0
2014-12-06,0.0
2014-12-07,0.0
2014-12-08,0.0
2014-12-09,0.0
2014-12-10,0.0
2014-12-11,0.0
2014-12-12,0.0
2014-12-13,0.0
2014-12-14,0.0
2014-12-15,0.0
2014-12-16,0.0
2014-12-17,0.0
2014-12-18,0.0
2014-12-19,0.0
2014-12-20,0.0
2014-12-21,0.0
2014-12-22,0.0
2014-12-23,0.0
2014-12-24,0.0
2014-12-25,0.0
2014-12-26,0.0
2014-12-27,0.0
2014-12-28,0.0
2014-12-29,0.0
2014-12-30,0.0
2014-12-31,0.0
2015-01-01,0.0
2015-01-02,0.0
2015-01-03,0.0
2015-01-04,0.0
2015-01-05,0.0038256606674390735
2015-01-06,0.011810273893984868
2015-01-07,0.006057640976236695
2015-01-08,0.0060695296952614115
2015-01-09,0.006056665422247254
2015-01-10,-0.031571245918824965
2015-01-11,-0.019123998719705958
2015-01-12,0.002486224638297272
2015-01-13,-0.11041539672517747
2015-01-14,-0.191193574415844
2015-01-15,0.16824146598496667
2015-01-16,-0.011051291582903864
2015-01-17,-0.031667388964699804
2015-01-18,0.04768208336482349
2015-01-19,0.0168733830110899
2015-01-20,-0.02144333626868335
2015-01-21,0.06364308896924416
2015-01-22,0.026163680810796404
2015-01-23,-0.0016837774897335495
2015-01-24,0.0593336012824672
2015-01-25,0.023328926150655755
2015-01-26,0.07454746055671106
2015-01-27,-0.03848821390102862
2015-01-28,-0.1047895746496532
2015-01-29,-0.001174290053891368
2015-01-30,-0.028593989305100383
2015-01-31,-0.052214820141681384
2015-02-01,0.04574228669841168
2015-02-02,0.05032665636768829
2015-02-03,-0.043514015653193724
2015-02-04,-0.004297584899554094
2015-02-05,-0.04442566054940019
2015-02-06,0.029929473037872467
2015-02-07,0.02183909633031848
2015-02-08,-0.019161411555770103
2015-02-09,-0.013171157710247659
2015-02-10,-0.002149844702324587
2015-02-11,-0.0039049886421077705
2015-02-12,0.01554600676752671
2015-02-13,0.062119534155357564
2015-02-14,0.08351020549228658
2015-02-15,-0.0823559536140513
2015-02-16,-0.003907531153948284
2015-02-17,0.04218128872073844
2015-02-18,-0.029667472412840575
2015-02-19,0.013431108397944534
2015-02-20,0.02012660902993534
2015-02-21,-0.000282426676412827
2015-02-22,-0.035959037031872414
2015-02-23,0.013186982045569215
2015-02-24,-0.0004131856785288018
2015-02-25,-0.006531032249745766
2015-02-26,-0.004701634655544502
2015-02-27,0.06663546944604737
2015-02-28,0.002704271018722287
2015-03-01,0.01903519015240946
2015-03-02,0.06363344894234206
2015-03-03,0.021889496962739268
2015-03-04,-0.036065673814279414
2015-03-05,0.008456831716882924
2015-03-06,-0.001488408882151574
2015-03-07,0.01465177806849739
2015-03-08,-0.006127232713632003
2015-03-09,0.04369584013034828
2015-03-10,0.009948463462944413
2015-03-11,0.022368767580121258
2015-03-12,-0.004114924264979298
2015-03-13,-0.04051303868401776
2015-03-14,-0.004341403166446954
2015-03-15,0.01666772503112955
2015-03-16,0.008716045518389191
2015-03-17,-0.022184737809084688
2015-03-18,-0.09240039496060032
2015-03-19,0.020709217985254567
2015-03-20,0.0005650141641242823
2015-03-21,-0.007475921665754128
2015-03-22,0.02974463061670065
2015-03-23,-0.006717545060885267
2015-03-24,-0.07867595011506971
2015-03-25,0.007911423644134951
2015-03-26,0.009265439525483872
2015-03-27,-0.005171480029106958
2015-03-28,0.019866613082334027
2015-03-29,-0.0429499916502169
2015-03-30,0.02456494940579419
2015-03-31,-0.014949729113715825
2015-04-01,0.010022293190562331
2015-04-02,0.026690424061332332
2015-04-03,0.003589813945291334
2015-04-04,-0.0019260625336295727
2015-04-05,0.02693814522576762
2015-04-06,-0.019021684708880337
2015-04-07,-0.007271446936839983
2015-04-08,-0.03599345839522312
2015-04-09,-0.0046978077611659905
2015-04-10,-0.03053622701389303
2015-04-11,0.0006773776105522836
2015-04-12,0.0014807604890809658
2015-04-13,-0.0563969254588774
2015-04-14,-0.032905777340191934
2015-04-15,0.032775496885526306
2015-04-16,0.02070866376530386
2015-04-17,-0.02151812272809774
2015-04-18,0.003590422036408539
2015-04-19,-0.003845895301897483
2015-04-20,0.007901056089540674
2015-04-21,0.05095427202077557
2015-04-22,-0.009705239100514984
2015-04-23,0.010827465201648906
2015-04-24,-0.02430195062838696
2015-04-25,-0.017877674307670476
2015-04-26,-0.02916031137239327
2015-04-27,0.03508771423004392
2015-04-28,-0.009101100095130573
2015-04-29,0.0014198555959387253
2015-04-30,0.04749772255678274
2015-05-01,-0.02199521731652405
2015-05-02,0.012239688651342687
2015-05-03,0.022089766065864144
2015-05-04,-0.002759023942605596
2015-05-05,-0.01349793369069743
2015-05-06,-0.028172601210274394
2015-05-07,0.03664108277928254
2015-05-08,0.0266992814922163
2015-05-09,-0.005094180055929179
2015-05-10,-0.011685762895020043
2015-05-11,0.009066409209459456
2015-05-12,-0.0011179428379903546
2015-05-13,-0.020974525209982248
2015-05-14,0.004911403535852107
2015-05-15,0.0010111861126445288
2015-05-16,-0.007197423118287988
2015-05-17,0.0013142552550562102
2015-05-18,-0.0131253025527083
2015-05-19,-0.0063067112848491326
2015-05-20,0.013082052478397851
2015-05-21,0.002429201231216304
2015-05-22,0.01696320158832964
2015-05-23,-0.005142032301980494
2015-05-24,0.006135097406349472
2015-05-25,-0.015160688783217097
2015-05-26,0.0005088949931003333
2015-05-27,-0.0022888626781943
2015-05-28,0.005480382463012606
2015-05-29,-0.0018168371916542933
2015-05-30,-0.016592941536755418
2015-05-31,-0.013773806361038716
2015-06-01,-0.023567918175535614
2015-06-02,0.0074645201165761295
2015-06-03,-0.0040373560720376655
2015-06-04,-0.005701939189808506
2015-06-05,0.006317061891537291
2015-06-06,0.0026267164554001077
2015-06-07,-0.010168511699376308
2015-06-08,0.024538497728569274
2015-06-09,0.002320642451755993
2015-06-10,-0.003931589783167793
2015-06-11,0.005394381197666024
2015-06-12,0.0016139935386722199
2015-06-13,0.00975545887841837
2015-06-14,0.0019408679493567536
2015-06-15,0.016486943788188425
2015-06-16,0.060008038178939065
2015-06-17,-0.009308642274623942
2015-06-18,0.0025809050028583183
2015-06-19,-0.018904729803013384
2015-06-20,0.0043457756270335705
2015-06-21,-0.004571894498993857
2015-06-22,0.009677881088476038
2015-06-23,-0.009178968416487578
2015-06-24,-0.014551862180046863
2015-06-25,0.0074457676157990565
2015-06-26,0.00412890385413105
2015-06-27,0.03384115185716731
2015-06-28,-0.010301281388262971
2015-06-29,0.029818952533067326
2015-06-30,0.025209261087098245
2015-07-01,-0.01857525992209534
2015-07-02,-0.011945622668969296
2015-07-03,0.005416968570072993
2015-07-04,0.0167099360479335
2015-07-05,0.043392272421931985
2015-07-06,-0.01100417588552197
2015-07-07,-0.011163827874843593
2015-07-08,0.01926803796573523
2015-07-09,-0.006313573444631678
2015-07-10,0.06060154969270496
2015-07-11,0.022456162438494024
2015-07-12,0.06479244125860434
2015-07-13,-0.05750325221593195
2015-07-14,-0.01751480716328841
2015-07-15,-0.006533107892354549
2015-07-16,-0.02721373676916823
2015-07-17,0.005537476220291269
2015-07-18,-0.009440539614022664
2015-07-19,-0.004765256398815323
2015-07-20,0.012659374279339127
2015-07-21,-0.007880360884328672
2015-07-22,0.00332159904169915
2015-07-23,-0.003850374701925512
2015-07-24,0.044793637056909516
2015-07-25,-0.0007952285409628351
2015-07-26,0.015259777905031491
2015-07-27,0.003749083625045765
2015-07-28,-0.0009507477625980268
2015-07-29,-0.01413883779842779
2015-07-30,-0.006343405094252939
2015-07-31,-0.012767801525746345
2015-08-01,-0.014549542385938844
2015-08-02,0.00759615470088975
2015-08-03,-0.0066894359554803785
2015-08-04,0.016283915562932186
2015-08-05,-0.013568709813081262
2015-08-06,-0.012973394189457244
2015-08-07,0.007355191006503445
2015-08-08,-0.05920419561148935
2015-08-09,0.010354222180841564
2015-08-10,-0.0025785532134221
2015-08-11,0.025856914775763136
2015-08-12,-0.010832253660599684
2015-08-13,-0.007412126996130946
2015-08-14,0.003472794982285538
2015-08-15,-0.015533858169999469
2015-08-16,-0.02199456501994936
2015-08-17,-0.0020815818976300405
2015-08-18,-0.11590290056222208
2015-08-19,0.008799706492389021
2015-08-20,0.04058385355723447
2015-08-21,-0.009153421792965372
2015-08-22,-0.011287953416788843
2015-08-23,-0.009677965196390076
2015-08-24,-0.08232954597084373
2015-08-25,0.05485263140891415
2015-08-26,0.0143154966155392
2015-08-27,-0.00395547532734691
2015-08-28,0.02977589057445897
2015-08-29,-0.0047843855923155355
2015-08-30,-0.0005337783466267702
2015-08-31,0.004432956682596185
2015-09-01,-0.007880854492440045
2015-09-02,0.002871423285501376
2015-09-03,-0.008981960281542209
2015-09-04,0.014079516102623956
2015-09-05,0.02276084324092987
2015-09-06,0.018134357872583152
2015-09-07,-0.002622060580466827
2015-09-08,0.015402809381931115
2015-09-09,-0.023710447900695864
2015-09-10,-0.0006288263891046813
2015-09-11,-0.002696376422881207
2015-09-12,-0.017243597199684168
2015-09-13,-0.025692051072128883
2015-09-14,-0.003176996976392029
2015-09-15,0.005282889388286256
2015-09-16,-0.009123108421050284
2015-09-17,0.014940099984943903
2015-09-18,0.0018968285175449337
2015-09-19,-0.010463277292564624
2015-09-20,0.0035913646385961123
2015-09-21,-0.01857680738585421
2015-09-22,0.017609901099978998
2015-09-23,-0.0041915386288363
2015-09-24,0.013857038452092244
2015-09-25,0.0010150992098244274
2015-09-26,-0.003113055782932997
2015-09-27,-0.009345563899721071
2015-09-28,0.01821003201863066
2015-09-29,-0.0007700843596730058
2015-09-30,-0.00031822550654533215
2015-10-01,0.0013182783381115964
2015-10-02,0.0020417473476281012
2015-10-03,0.0055087939861358974
2015-10-04,-0.002881941227298112
2015-10-05,0.006105554276358264
2015-10-06,0.02471152980376861
2015-10-07,-0.01631865592945174
2015-10-08,-0.0004438831835887581
2015-10-09,0.008460515217414605
2015-10-10,0.0030815678506090835
2015-10-11,0.009621068012752794
2015-10-12,-0.009107136488463941
2015-10-13,0.013217701339732834
2015-10-14,0.002788111257942075
2015-10-15,0.012264765237271076
2015-10-16,0.0296457563746358
2015-10-17,0.02663016029540293
2015-10-18,-0.03443296014473688
2015-10-19,0.006767520027893293
2015-10-20,0.019666134318390625
2015-10-21,-0.009083636264931298
2015-10-22,0.04260270978878911
2015-10-23,0.005936436565231933
2015-10-24,0.019645366918501987
2015-10-25,0.010478561333711984
2015-10-26,0.01678012913753471
2015-10-27,0.03717669840072351
2015-10-28,0.040518139362123735
2015-10-29,0.03615148325898411
2015-10-30,0.036337964772274425
2015-10-31,-0.06038185410592475
2015-11-01,0.056537459493603615
2015-11-02,0.0992963255226335
2015-11-03,0.11412700325829787
2015-11-04,0.002848813958960357
2015-11-05,-0.05110122903721583
2015-11-06,-0.025650156117815542
2015-11-07,0.022954942336793998
2015-11-08,-0.021345924333878767
2015-11-09,0.012493403671842412
2015-11-10,-0.10714624073865556
2015-11-11,-0.08356120479465537
2015-11-12,0.09071982344184357
2015-11-13,-0.0005180382668347657
2015-11-14,-0.011616184237477905
2015-11-15,-0.03826377746521815
2015-11-16,0.03639066118093156
2015-11-17,0.01813615411736788
2015-11-18,-0.0012548823303766006
2015-11-19,-0.02945505446545538
2015-11-20,-0.01265213294155419
2015-11-21,0.015361737332736441
2015-11-22,-0.0071817440750268375
2015-11-23,-0.0031009882321567104
2015-11-24,-0.012827528117270693
2015-11-25,0.024749289009728708
2015-11-26,0.07130637585830722
2015-11-27,0.009731511288793616
2015-11-28,0.0021951407913738
2015-11-29,0.03615652569451554
2015-11-30,0.013700573834631836
2015-12-01,-0.034580426385166084
2015-12-02,-0.013569897223408449
2015-12-03,0.006523524296131733
2015-12-04,0.0069091258158112435
2015-12-05,0.06429355863791203
2015-12-06,-0.0003277158594458227
2015-12-07,0.015500352749098282
2015-12-08,0.05562165609778104
2015-12-09,-0.0044022472924573255
2015-12-10,0.0001431028376874836
2015-12-11,0.08942587223412593
2015-12-12,-0.031790362119056045
2015-12-13,-0.007589639528920278
2015-12-14,0.024308330530475656
2015-12-15,0.04656260351996462
2015-12-16,-0.018851614945241967
2015-12-17,-0.0020815281430073664
2015-12-18,0.011956069543946507
2015-12-19,-0.0021472172836043486
2015-12-20,-0.03945274763555112
2015-12-21,-0.010210866070865129
2015-12-22,-0.006997926522788822
2015-12-23,0.014498074989362609
2015-12-24,0.026925678708904503
2015-12-25,0.0017131961140968615
2015-12-26,-0.08031865230454391
2015-12-27,0.009941211634133638
2015-12-28,-0.0012214000645851366
2015-12-29,0.024931052934174903
2015-12-30,-0.01112440897878512
2015-12-31,0.012686735385742148
2016-01-01,0.006687810942042682
2016-01-02,-0.0007140343409440916
2016-01-03,-0.0034642617934874448
2016-01-04,0.005972350688789489
2016-01-05,-0.003868395612668256
2016-01-06,-0.006054809379125578
2016-01-07,0.06035152820526483
2016-01-08,-0.007034209032668439
2016-01-09,-0.008121797854301218
2016-01-10,0.00036101835886668193
2016-01-11,0.0008872384254113697
2016-01-12,-0.022802521187032986
2016-01-13,-0.0056941168347013965
2016-01-14,-0.005367715453502466
2016-01-15,-0.15142048414628398
2016-01-16,0.07097010881683108
2016-01-17,-0.01286844200382357
2016-01-18,0.01675343661802307
2016-01-19,-0.02264705048794606
2016-01-20,0.10562531981275282
2016-01-21,-0.014465475914950572
2016-01-22,-0.06480627952563915
2016-01-23,0.02722377689861848
2016-01-24,0.041307094077782464
2016-01-25,-0.01827704773886734
2016-01-26,-0.003897639936586268
2016-01-27,0.013089847939554408
2016-01-28,-0.034236438234583166
2016-01-29,-0.0044407876755965785
2016-01-30,-0.007662583183192348
2016-01-31,-0.0197809722281023
2016-02-01,0.00586831611306771
2016-02-02,0.007446617649833944
2016-02-03,-0.009810572702431694
2016-02-04,0.05147852145893258
2016-02-05,-0.007757211458505834
2016-02-06,-0.02377865988219691
2016-02-07,0.007411005013937106
2016-02-08,-0.006227555615839765
2016-02-09,0.013988071224897048
2016-02-10,0.026301604936016347
2016-02-11,0.012987187682803393
2016-02-12,0.009269430028876756
2016-02-13,0.0166171291300797
2016-02-14,0.03305576430392404
2016-02-15,-0.01200570819635886
2016-02-16,0.010719873148175098
2016-02-17,0.011367043398948336
2016-02-18,0.02137264223465252
2016-02-19,-0.0018836993374504352
2016-02-20,0.032011852290965925
2016-02-21,0.013077959609577913
2016-02-22,0.009660697289035562
2016-02-23,-0.041904881422780316
2016-02-24,0.015432034700608853
2016-02-25,-0.0023062102388256484
2016-02-26,0.019051603229406317
2016-02-27,0.001443344968674474
2016-02-28,0.002052371601605493
2016-02-29,0.006721576332861213
2016-03-01,0.004576537608602706
2016-03-02,-0.014735345598219915
2016-03-03,-0.0007061281262353159
2016-03-04,-0.02474785313467033
2016-03-05,-0.013961715652326342
2016-03-06,0.015378948629376474
2016-03-07,0.010660114774936478
2016-03-08,-0.003662810915606946
2016-03-09,0.014064423332375972
2016-03-10,0.0038720628098409173
2016-03-11,0.007278305371804183
2016-03-12,-0.009010761285348171
2016-03-13,0.010890995433278004
2016-03-14,-0.0036720812216245453
2016-03-15,0.003445274475262672
2016-03-16,0.0014500331165726078
2016-03-17,-0.0028663286573941678
2016-03-18,-0.02518887839139225
2016-03-19,0.0013244171544883425
2016-03-20,0.0037150943356946725
2016-03-21,0.0095869795110513
2016-03-22,0.008771935453218345
2016-03-23,0.007255371016634754
2016-03-24,-0.010659010809252287
2016-03-25,-0.0009910017922956896
2016-03-26,0.004759363456000433
2016-03-27,0.014702749765007316
2016-03-28,0.002080963173830907
2016-03-29,-0.015195210395307985
2016-03-30,-0.004789348793723812
2016-03-31,0.00016227727536631802
2016-04-01,0.005012755166822367
2016-04-02,0.005748040222995117
2016-04-03,0.0002492754125880992
2016-04-04,-0.0025934835096122874
2016-04-05,0.005517207910735898
2016-04-06,-0.001986372289335143
2016-04-07,-0.005540997207995278
2016-04-08,-0.006631961977741779
2016-04-09,-0.00174619356435394
2016-04-10,0.002116912990547425
2016-04-11,0.005155518816615255
2016-04-12,-0.00022290139664259048
2016-04-13,-0.00029663414182349137
2016-04-14,0.0045316239869218865
2016-04-15,0.009299460852019893
2016-04-16,0.004805894442525257
2016-04-17,-0.0025273248178963445
2016-04-18,-0.0008795688388949393
2016-04-19,0.015186422267278624
2016-04-20,0.013538516146564058
2016-04-21,0.016190141071962674
2016-04-22,-0.008585310873830913
2016-04-23,0.012547646122113057
2016-04-24,0.014590598414100368
2016-04-25,0.0013102017117944354
2016-04-26,0.010312274076134794
2016-04-27,-0.042356039058680336
2016-04-28,0.004817970107626943
2016-04-29,0.017259443888878748
2016-04-30,-0.007935490553687918
2016-05-01,0.009731684392279916
2016-05-02,-0.011193704977923177
2016-05-03,0.00967614533355736
2016-05-04,-0.007874525308138609
2016-05-05,0.006479243512978231
2016-05-06,0.018089227636339703
2016-05-07,-0.00034576735735506413
2016-05-08,0.0011797642425634904
2016-05-09,0.004550528853861085
2016-05-10,-0.019075199185888955
2016-05-11,0.006293849943267811
2016-05-12,0.005562737496114889
2016-05-13,0.00325787200438601
2016-05-14,-0.0019950127304943265
2016-05-15,0.0029394377933863024
2016-05-16,-0.0016878266016284805
2016-05-17,0.0032510667413754176
2016-05-18,0.0038651446929763907
2016-05-19,-0.029388910846249013
2016-05-20,0.010546101639209096
2016-05-21,0.002285047385413962
2016-05-22,-0.008732235859468189
2016-05-23,0.006193836184101157
2016-05-24,-0.0009847698137572009
2016-05-25,0.009720100128868713
2016-05-26,0.007171573492089619
2016-05-27,0.036580060050272534
2016-05-28,0.09772817036923888
2016-05-29,-0.0007391500236647924
2016-05-30,0.01972895817211824
2016-05-31,0.012613969763199406
2016-06-01,0.008729523430170612
2016-06-02,0.0015316043322398652
2016-06-03,0.05666820439782645
2016-06-04,0.005961269598918286
2016-06-05,0.001314219527390034
2016-06-06,0.0172374832470178
2016-06-07,-0.00965583792450597
2016-06-08,0.00927056675059883
2016-06-09,-0.01351293042209488
2016-06-10,0.0037674767336813406
2016-06-11,0.05234367333860723
2016-06-12,0.10326284138789653
2016-06-13,0.05150479730430944
2016-06-14,-0.022292558454629588
2016-06-15,0.012398106643641934
2016-06-16,0.1038120124676742
2016-06-17,-0.038932397872248926
2016-06-18,-0.0010835049035390204
2016-06-19,0.012585885345562254
2016-06-20,-0.04058739540842956
2016-06-21,-0.07809256843235159
2016-06-22,-0.09227128031140057
2016-06-23,0.03868874179636142
2016-06-24,0.058060220485111926
2016-06-25,-0.0026198251326566475
2016-06-26,-0.04433294159017207
2016-06-27,0.04160331560570407
2016-06-28,-0.02256850072199712
2016-06-29,-0.015208180502405862
2016-06-30,0.049423822138482426
2016-07-01,0.009381496937476115
2016-07-02,0.03809594832001602
2016-07-03,-0.06129676652632921
2016-07-04,0.030321789113516955
2016-07-05,-0.02001312851469395
2016-07-06,0.008081788351905397
2016-07-07,-0.05330835954376114
2016-07-08,0.043100474043513685
2016-07-09,-0.02335409606628033
2016-07-10,0.0013451688564470512
2016-07-11,-0.0011984942471066373
2016-07-12,0.020912098773987482
2016-07-13,-0.012347057560442087
2016-07-14,0.011172899061847829
2016-07-15,0.009353395868354193
2016-07-16,-0.004292766251832224
2016-07-17,0.022774766975965487
2016-07-18,-0.011470197656969373
2016-07-19,0.005054848116778011
2016-07-20,-0.00518324794289201
2016-07-21,-0.0038497967865820408
2016-07-22,-0.011550707592488269
2016-07-23,0.006721750540711069
2016-07-24,0.002474495233933573
2016-07-25,-0.004556615069040195
2016-07-26,-0.011752111369951726
2016-07-27,0.007281254816626083
2016-07-28,-0.0012854701768264505
2016-07-29,0.0021229060625408327
2016-07-30,-0.0009643114105312967
2016-07-31,-0.04772078866337639
2016-08-01,-0.02986730122586468
2016-08-02,-0.11638258746650712
2016-08-03,0.05399353706939067
2016-08-04,0.025213140731610875
2016-08-05,-0.007232219677572144
2016-08-06,0.0280743533088184
2016-08-07,0.0049543783352231936
2016-08-08,0.0006538590253402034
2016-08-09,-0.010530339186158935
2016-08-10,0.012254594377101842
2016-08-11,-0.010334071540003523
2016-08-12,0.0015477425382338973
2016-08-13,-0.00497726153490241
2016-08-14,-0.025540198559271875
2016-08-15,-0.00527011646823028
2016-08-16,0.015717061592048102
2016-08-17,-0.008485693896938195
2016-08-18,0.0008254937074326251
2016-08-19,0.002406160997822623
2016-08-20,0.010703159688263521
2016-08-21,-0.0011185118756119224
2016-08-22,0.008420153139230389
2016-08-23,-0.004560287749833979
2016-08-24,-0.004382559156021812
2016-08-25,-0.001439822681134136
2016-08-26,0.004756214187191511
2016-08-27,-0.0177540975809183
2016-08-28,0.0073654535684966015
2016-08-29,-0.003089421120437527
2016-08-30,0.008837483314833323
2016-08-31,-0.007043276013114733
2016-09-01,0.003173749630874801
2016-09-02,0.0010475001957891072
2016-09-03,0.03691849288613866
2016-09-04,0.013561633644965413
2016-09-05,-0.00016367595152096744
2016-09-06,0.007023945867712314
2016-09-07,0.010373322058777666
2016-09-08,0.01544452938991854
2016-09-09,-0.004277861227630788
2016-09-10,0.0014262127929873776
2016-09-11,-0.0253611307744688
2016-09-12,0.003940708713426056
2016-09-13,-0.0009058700236713543
2016-09-14,0.001625869006287811
2016-09-15,-0.0026258120106702107
2016-09-16,0.0011206955655457087
2016-09-17,-0.001937873768960505
2016-09-18,0.0047192034323436
2016-09-19,0.0033036838523386033
2016-09-20,-0.005215986408486326
2016-09-21,-0.012056609990956618
2016-09-22,-0.002302685866396969
2016-09-23,0.010348473790643143
2016-09-24,-0.004802742036948454
2016-09-25,-5.112263083057768e-05
2016-09-26,0.010954891247361912
2016-09-27,-0.0023278449110471604
2016-09-28,0.0001239286800383163
2016-09-29,0.0019907408500536307
2016-09-30,0.004620737850526286
2016-10-01,0.007151706914671742
2016-10-02,-0.0066336842684857475
2016-10-03,0.0050181057954778365
2016-10-04,-0.00683750226589585
2016-10-05,0.0010167148128502523
2016-10-06,0.0020166376522064784
2016-10-07,0.006425164622662625
2016-10-08,-0.0023394996688298588
2016-10-09,-0.002713929002893298
2016-10-10,0.00322759694760099
2016-10-11,0.03528805159076852
2016-10-12,-0.0066024241508608715
2016-10-13,0.0009026529202468972
2016-10-14,0.0054346765518652855
2016-10-15,-0.003291239952351037
2016-10-16,0.004368893309745056
2016-10-17,-0.0027250262442185197
2016-10-18,0.0008259927717332418
2016-10-19,-0.013981695858416694
2016-10-20,0.0014596336588759214
2016-10-21,0.0005410920793363424
2016-10-22,0.038530548027407886
2016-10-23,-0.008841499815256684
2016-10-24,-0.0007474913096207798
2016-10-25,0.0027825796500272303
2016-10-26,0.034412125724552475
2016-10-27,0.01302636988961926
2016-10-28,-3.6349613409336966e-06
2016-10-29,0.03210380772337062
2016-10-30,-0.014617528269254032
2016-10-31,-0.001548489837863358
2016-11-01,0.03931133157029861
2016-11-02,0.02054906459962732
2016-11-03,-0.07221276429684577
2016-11-04,0.025190204581459284
2016-11-05,0.0007121350130556581
2016-11-06,0.008010253729286139
2016-11-07,-0.0095038807805704
2016-11-08,0.008577298415533762
2016-11-09,0.01553738824972036
2016-11-10,-0.009769090129549029
2016-11-11,0.0012738296330211114
2016-11-12,-0.02069282408454796
2016-11-13,-0.0014106870461112744
2016-11-14,0.004006876914257591
2016-11-15,0.010836797486140031
2016-11-16,0.03743168176144999
2016-11-17,-0.006163223725482449
2016-11-18,0.015226944215675471
2016-11-19,0.0032195490733372073
2016-11-20,-0.030357081146938563
2016-11-21,0.012809138150754988
2016-11-22,0.017466956670725405
2016-11-23,-0.011972534171330313
2016-11-24,-0.008497635618742175
2016-11-25,0.002688756405331941
2016-11-26,-0.009764490493436386
2016-11-27,-0.005327362990979322
2016-11-28,0.0019167362519781665
2016-11-29,-0.0015945617610347198
2016-11-30,0.017253559245452247
2016-12-01,0.011196763738126529
2016-12-02,0.01865768578850011
2016-12-03,-0.009763307445621185
2016-12-04,-0.0006985344989416896
2016-12-05,-0.02029049320461157
2016-12-06,0.017920286615734967
2016-12-07,0.011142676987861649
2016-12-08,0.003207750300042709
2016-12-09,0.004706647536077558
2016-12-10,0.0008146642882049028
2016-12-11,-0.003266870996886193
2016-12-12,0.011230085007817608
2016-12-13,-0.0024685529430624204
2016-12-14,0.0012876988246657425
2016-12-15,-0.004266177857583869
2016-12-16,0.006898085054486552
2016-12-17,0.007892430970643741
2016-12-18,0.0016622876165954105
2016-12-19,0.0009294818771733416
2016-12-20,0.009185240052914113
2016-12-21,0.04240861091314738
2016-12-22,0.029559826643482227
2016-12-23,0.056405067230269626
2016-12-24,-0.021555047278792386
2016-12-25,-0.002561709476696018
2016-12-26,0.007191647831491524
2016-12-27,0.03470638799355896
2016-12-28,0.04935503700408519
2016-12-29,-0.0016853699128143455
2016-12-30,-0.010236794555106142
2016-12-31,0.0061145004192089325
2017-01-01,0.03153337551775776
2017-01-02,0.01507859374560848
2017-01-03,0.02897596095992677
2017-01-04,0.08042520085934954
2017-01-05,-0.0978637722037189
2017-01-06,-0.10488707973847457
2017-01-07,0.011262825188413476
2017-01-08,0.005965516853430417
2017-01-09,-0.013623212171764862
2017-01-10,0.010466627320270922
2017-01-11,-0.13682512487123918
2017-01-12,0.03562653692639136
2017-01-13,0.021311195600207417
2017-01-14,-0.008365989612076533
2017-01-15,0.004557729207635872
2017-01-16,0.010268441735046006
2017-01-17,0.08749207079599429
2017-01-18,-0.019124365573268333
2017-01-19,0.015577226478426784
2017-01-20,-0.004527699230694167
2017-01-21,0.029318288681914162
2017-01-22,0.0009621521514951877
2017-01-23,-0.010388374079594366
2017-01-24,-0.03009432021410665
2017-01-25,0.008158536775562091
2017-01-26,0.02356210247887503
2017-01-27,0.0025593101534402514
2017-01-28,0.0009820884248772927
2017-01-29,-0.00733496764663634
2017-01-30,0.009172473723224222
2017-01-31,0.04561297356495676
2017-02-01,0.01934316489213883
2017-02-02,0.025232076821359653
2017-02-03,0.008148384493982487
2017-02-04,0.016809768067072368
2017-02-05,-0.02063489437371414
2017-02-06,0.012314802422752954
2017-02-07,0.02713441890630308
2017-02-08,-0.0021390832013713237
2017-02-09,-0.060427360813313485
2017-02-10,0.011592217417594556
2017-02-11,0.015915620790972466
2017-02-12,-0.011124124334526295
2017-02-13,-0.00011941224396491755
2017-02-14,0.01519954730289
2017-02-15,0.002379429814273385
2017-02-16,0.0198009340987152
2017-02-17,0.019813345633403104
2017-02-18,0.0012803248650372376
2017-02-19,-0.0042533066160108535
2017-02-20,0.02707604643551721
2017-02-21,0.03739042390635328
2017-02-22,0.0041576069479211065
2017-02-23,0.05106283747974755
2017-02-24,-0.0064477315867951706
2017-02-25,-0.020961811893190047
2017-02-26,0.02613083202068052
2017-02-27,0.015848896272317926
2017-02-28,-0.0010551415306483142
2017-03-01,0.03265598109999944
2017-03-02,0.02853084255598169
2017-03-03,0.021992046768673473
2017-03-04,-0.02095151722117175
2017-03-05,0.011438771011799114
2017-03-06,0.005475056282948825
2017-03-07,-0.035885677949762884
2017-03-08,-0.0702023195273707
2017-03-09,0.03726638248399533
2017-03-10,-0.05494810537193784
2017-03-11,0.05672754676968154
2017-03-12,0.04475696341991369
2017-03-13,0.023290762886854333
2017-03-14,0.002827698086712121
2017-03-15,0.020283351502745208
2017-03-16,-0.04930487754154718
2017-03-17,-0.08342791993402497
2017-03-18,-0.10189977779101757
2017-03-19,0.060998994211154726
2017-03-20,0.016077940012752312
2017-03-21,0.0720954414645063
2017-03-22,-0.06667893849348172
2017-03-23,-0.005380251926649121
2017-03-24,-0.08122698813877423
2017-03-25,0.02525822888451241
2017-03-26,0.003806238020595432
2017-03-27,0.07753788212738055
2017-03-28,0.005063131094263252
2017-03-29,-0.004614959021666203
2017-03-30,-0.0031649287835085983
2017-03-31,0.03171225329448992
2017-04-01,0.012456112077320732
2017-04-02,-0.007533565565831119
2017-04-03,0.054615867934624494
2017-04-04,-0.0009901151494288137
2017-04-05,-0.006410166061734788
2017-04-06,0.04509918485886942
2017-04-07,-0.0013018907902331714
2017-04-08,-0.00267244607043858
2017-04-09,0.016937109637301394
2017-04-10,0.002689162766909549
2017-04-11,0.007456162163321569
2017-04-12,-0.0020894626432702576
2017-04-13,-0.026839269887261832
2017-04-14,-0.004870047615099082
2017-04-15,0.004270767425252336
2017-04-16,-0.009702397469809576
2017-04-17,0.011244833303270904
2017-04-18,0.02315430022036033
2017-04-19,-0.0008990319901069811
2017-04-20,0.02536800377802698
2017-04-21,0.006236486287217299
2017-04-22,-0.007981900568856391
2017-04-23,0.007215172551193239
2017-04-24,0.010084172917550477
2017-04-25,0.011833906494507027
2017-04-26,0.017398137433871773
2017-04-27,0.04116485808718218
2017-04-28,0.005859477129021852
2017-04-29,0.0007831838661389223
2017-04-30,0.01862862271625367
2017-05-01,0.02784071396435404
2017-05-02,0.03784555153515237
2017-05-03,0.039289348703374916
2017-05-04,0.030312093321646177
2017-05-05,-0.016531879199056437
2017-05-06,0.030080058994990583
2017-05-07,-0.004743833047117555
2017-05-08,0.05637955314838649
2017-05-09,0.040113166049649984
2017-05-10,0.029152399174875963
2017-05-11,0.031093596573516895
2017-05-12,-0.0728699820595463
2017-05-13,0.04959575383655401
2017-05-14,0.004232856458769452
2017-05-15,-0.04090603328050898
2017-05-16,-0.00444159017829753
2017-05-17,0.04589807154623637
2017-05-18,0.056259953273452436
2017-05-19,0.05480439975168167
2017-05-20,0.02618188644240532
2017-05-21,0.012364610005748606
2017-05-22,0.04299061111692664
2017-05-23,0.07714149153714056
2017-05-24,0.07241265174117116
2017-05-25,-0.054209968552126966
2017-05-26,-0.009354804815910622
2017-05-27,-0.1009939639163993
2017-05-28,0.06882241926141737
2017-05-29,0.055555513375603736
2017-05-30,-0.02785342713316981
2017-05-31,0.0407502165652823
2017-06-01,0.04614254253767154
2017-06-02,0.02991126555956661
2017-06-03,0.020170457344867068
2017-06-04,-0.0001943704968919565
2017-06-05,0.06340368033449394
2017-06-06,0.06672366287925008
2017-06-07,-0.066284822542522
2017-06-08,0.04397877003161674
2017-06-09,0.007705157183265088
2017-06-10,0.03164805848480344
2017-06-11,0.018058560616908102
2017-06-12,-0.08841130165976185
2017-06-13,0.012416762748193096
2017-06-14,-0.09128709761350612
2017-06-15,-0.009687151631675365
2017-06-16,0.023789306299927968
2017-06-17,0.05605853427823583
2017-06-18,-0.0412746155915685
2017-06-19,0.03071468778384228
2017-06-20,0.051815340465561716
2017-06-21,-0.02892916323937237
2017-06-22,0.020177965366351386
2017-06-23,-0.009952665898013049
2017-06-24,-0.04506836329731311
2017-06-25,-0.020661095379653
2017-06-26,-0.030680248747116782
2017-06-27,0.05640911203877519
2017-06-28,-0.0018887305508711427
2017-06-29,-0.006794421260118928
2017-06-30,-0.028442386059220663
2017-07-01,-0.02045094581505095
2017-07-02,0.03621035131887762
2017-07-03,0.01748593058131692
2017-07-04,0.017002295250239906
2017-07-05,0.002480804642413665
2017-07-06,-0.0009160179135100113
2017-07-07,-0.03613909027052095
2017-07-08,0.018459431946239918
2017-07-09,-0.01780212777590431
2017-07-10,-0.06788764726614452
2017-07-11,-0.007142380581239345
2017-07-12,0.033786821551355484
2017-07-13,-0.01909773592153571
2017-07-14,-0.05140105177476492
2017-07-15,-0.10422775574097157
2017-07-16,-0.025491125951580332
2017-07-17,0.15275035008136878
2017-07-18,0.03316144170597966
2017-07-19,-0.015875082520540026
2017-07-20,0.25572640536915137
2017-07-21,-0.06774326982565755
2017-07-22,0.05788840904670948
2017-07-23,-0.02806480902573887
2017-07-24,0.003787235314476753
2017-07-25,-0.06716989120988574
2017-07-26,-0.014751650379738544
2017-07-27,0.05317310804957217
2017-07-28,0.03943154859508032
2017-07-29,-0.03299246512358218
2017-07-30,0.021903926776690872
2017-07-31,0.03929431494477802
2017-08-01,-0.041515567504599116
2017-08-02,-0.009561861551182469
2017-08-03,0.031573846821650306
2017-08-04,0.02095819505574404
2017-08-05,0.1359578860733026
2017-08-06,-0.011895975017863726
2017-08-07,0.04857638803344652
2017-08-08,0.006971262699371573
2017-08-09,-0.01932500623028816
2017-08-10,0.01990245867911465
2017-08-11,0.06458033277724329
2017-08-12,0.054738805237636495
2017-08-13,0.048979525264582005
2017-08-14,0.05913590813292372
2017-08-15,-0.033213473978147924
2017-08-16,0.05098605764312927
2017-08-17,-0.020383706776907297
2017-08-18,-0.03265344098670598
2017-08-19,-0.00010395049636232347
2017-08-20,-0.006293561564645721
2017-08-21,-0.009610708006130135
2017-08-22,0.011314842614350656
2017-08-23,0.002178553004810916
2017-08-24,0.014556953059218922
2017-08-25,0.003072726698053205
2017-08-26,-0.0008792081656637192
2017-08-27,2.291525165995948e-05
2017-08-28,3.64259027910719e-05
2017-08-29,0.0
2017-08-30,0.0
2017-08-31,0.0
2017-09-01,0.0
2017-09-02,0.0
2017-09-03,0.0
2017-09-04,0.0
2017-09-05,0.0
2017-09-06,0.0
2017-09-07,0.0
2017-09-08,0.0
2017-09-09,0.0
2017-09-10,0.0
2017-09-11,0.0
2017-09-12,0.0
2017-09-13,0.0
2017-09-14,0.0
2017-09-15,0.0
2017-09-16,0.0
2017-09-17,0.0
2017-09-18,0.0
2017-09-19,0.0
2017-09-20,0.0
2017-09-21,0.0
2017-09-22,0.0
2017-09-23,0.0
2017-09-24,0.0
2017-09-25,0.0
2017-09-26,0.0
2017-09-27,0.0
2017-09-28,0.0
2017-09-29,0.0
2017-09-30,0.0
2017-10-01,0.0
2017-10-02,0.0
2017-10-03,0.0
2017-10-04,0.0
2017-10-05,0.0
2017-10-06,0.0
2017-10-07,0.0
2017-10-08,0.0
2017-10-09,0.0
2017-10-10,0.0
2017-10-11,0.0
2017-10-12,0.0
2017-10-13,0.0
2017-10-14,0.0
2017-10-15,0.0
2017-10-16,0.0
2017-10-17,0.0
2017-10-18,0.0
2017-10-19,0.0
2017-10-20,0.0
2017-10-21,0.0
2017-10-22,0.0
2017-10-23,0.0
2017-10-24,0.0
2017-10-25,0.0
2017-10-26,0.0
2017-10-27,0.0
2017-10-28,0.0
2017-10-29,0.0
2017-10-30,0.0
2017-10-31,0.0
2017-11-01,0.0
2017-11-02,0.0
2017-11-03,0.0
2017-11-04,0.0
2017-11-05,0.0
2017-11-06,0.0
2017-11-07,0.0
2017-11-08,0.0
2017-11-09,0.0
2017-11-10,0.0
2017-11-11,0.0
2017-11-12,0.0
2017-11-13,0.0
2017-11-14,0.0
2017-11-15,0.0
2017-11-16,0.0
2017-11-17,0.0
2017-11-18,0.0
2017-11-19,0.0
2017-11-20,0.0
2017-11-21,0.0
2017-11-22,0.0
2017-11-23,0.0
2017-11-24,0.0
2017-11-25,0.0
2017-11-26,0.0
2017-11-27,0.0
2017-11-28,0.0
2017-11-29,0.0
2017-11-30,0.0
2017-12-01,0.0
2017-12-02,0.0
2017-12-03,0.0
2017-12-04,0.0
2017-12-05,0.0
2017-12-06,0.0
2017-12-07,0.0
2017-12-08,0.0
2017-12-09,0.0
2017-12-10,0.0
2017-12-11,0.0
2017-12-12,0.0
2017-12-13,0.0
2017-12-14,0.0
2017-12-15,0.0
2017-12-16,0.0
2017-12-17,0.0
2017-12-18,0.0
2017-12-19,0.0
2017-12-20,0.0
2017-12-21,0.0
2017-12-22,0.0
2017-12-23,0.0
2017-12-24,0.0
2017-12-25,0.0
2017-12-26,0.0
2017-12-27,0.0
2017-12-28,0.0
2017-12-29,0.0
2017-12-30,0.0
2017-12-31,0.0
2018-01-01,0.0
2018-01-02,0.0
2018-01-03,0.0
2018-01-04,0.0
2018-01-05,0.0
2018-01-06,0.0
2018-01-07,0.0
2018-01-08,0.0
2018-01-09,0.0
2018-01-10,0.0
2018-01-11,0.0
2018-01-12,0.0
2018-01-13,0.0
2018-01-14,0.0
2018-01-15,0.0
2018-01-16,0.0
2018-01-17,0.0
2018-01-18,0.0
2018-01-19,0.0
2018-01-20,0.0
2018-01-21,0.0
2018-01-22,0.0
2018-01-23,0.0
2018-01-24,0.0
2018-01-25,0.0
2018-01-26,0.0
2018-01-27,0.0
2018-01-28,0.0
2018-01-29,0.0
2018-01-30,0.0
2018-01-31,0.0
2018-02-01,0.0
2018-02-02,0.0
2018-02-03,0.0
2018-02-04,0.0
2018-02-05,0.0
2018-02-06,0.0
2018-02-07,0.0
2018-02-08,0.0
2018-02-09,0.0
2018-02-10,0.0
2018-02-11,0.0
2018-02-12,0.0
2018-02-13,0.0
2018-02-14,0.0
2018-02-15,0.0
2018-02-16,0.0
2018-02-17,0.0
2018-02-18,0.0
2018-02-19,0.0
2018-02-20,0.0
2018-02-21,0.0
2018-02-22,0.0
2018-02-23,0.0
2018-02-24,0.0
2018-02-25,0.0
2018-02-26,0.0
2018-02-27,0.0
2018-02-28,0.0
2018-03-01,0.0
2018-03-02,0.0
2018-03-03,0.0
2018-03-04,0.0
2018-03-05,0.0
2018-03-06,0.0
2018-03-07,0.0
2018-03-08,0.0
2018-03-09,0.0
2018-03-10,0.0
2018-03-11,0.0
2018-03-12,0.0
2018-03-13,0.0
2018-03-14,0.0
2018-03-15,0.0
2018-03-16,0.0
2018-03-17,0.0
2018-03-18,0.0
2018-03-19,0.0
2018-03-20,0.0
2018-03-21,0.0
2018-03-22,0.0
2018-03-23,0.0
2018-03-24,0.0
2018-03-25,0.0
2018-03-26,0.0
2018-03-27,0.0
2018-03-28,0.0
2018-03-29,0.0
2018-03-30,0.0
2018-03-31,0.0
2018-04-01,0.0
2018-04-02,0.0
2018-04-03,0.0
2018-04-04,0.0
2018-04-05,0.0
2018-04-06,0.0
2018-04-07,0.0
2018-04-08,0.0
2018-04-09,0.0
2018-04-10,0.0
2018-04-11,0.0
2018-04-12,0.0
2018-04-13,0.0
2018-04-14,0.0
2018-04-15,0.0
2018-04-16,0.0
2018-04-17,0.0
2018-04-18,0.0
2018-04-19,0.0
2018-04-20,0.0
2018-04-21,0.0
2018-04-22,0.0
2018-04-23,0.0
2018-04-24,0.0
2018-04-25,0.0
2018-04-26,0.0
2018-04-27,0.0
2018-04-28,0.0
2018-04-29,0.0
2018-04-30,0.0
2018-05-01,0.0
2018-05-02,0.0
2018-05-03,0.0
2018-05-04,0.0
2018-05-05,0.0
2018-05-06,0.0
2018-05-07,0.0
2018-05-08,0.0
2018-05-09,0.0
2018-05-10,0.0
2018-05-11,0.0
2018-05-12,0.0
2018-05-13,0.0
2018-05-14,0.0
2018-05-15,0.0
2018-05-16,0.0
2018-05-17,0.0
2018-05-18,0.0
2018-05-19,0.0
2018-05-20,0.0
2018-05-21,0.0
2018-05-22,0.0
2018-05-23,0.0
2018-05-24,0.0
2018-05-25,0.0
2018-05-26,0.0
2018-05-27,0.0
2018-05-28,0.0
2018-05-29,0.0
2018-05-30,0.0
2018-05-31,0.0
2018-06-01,0.0
2018-06-02,0.0
2018-06-03,0.0
2018-06-04,0.0
2018-06-05,0.0
2018-06-06,0.0
2018-06-07,0.0
2018-06-08,0.0
2018-06-09,0.0
2018-06-10,0.0
2018-06-11,0.0
2018-06-12,0.0
2018-06-13,0.0
2018-06-14,0.0
2018-06-15,0.0
2018-06-16,0.0
2018-06-17,0.0
2018-06-18,0.0
2018-06-19,0.0
2018-06-20,0.0
2018-06-21,0.0
2018-06-22,0.0
2018-06-23,0.0
2018-06-24,0.0
2018-06-25,0.0
2018-06-26,0.0
2018-06-27,0.0
2018-06-28,0.0
2018-06-29,0.0
2018-06-30,0.0
2018-07-01,0.0
2018-07-02,0.0
2018-07-03,0.0
2018-07-04,0.0
2018-07-05,0.0
2018-07-06,0.0
2018-07-07,0.0
2018-07-08,0.0
2018-07-09,0.0
2018-07-10,0.0
2018-07-11,0.0
2018-07-12,0.0
2018-07-13,0.0
2018-07-14,0.0
2018-07-15,0.0
2018-07-16,0.0
2018-07-17,0.0
2018-07-18,0.0
2018-07-19,0.0
2018-07-20,0.0
2018-07-21,0.0
2018-07-22,0.0
2018-07-23,0.0
2018-07-24,0.0
2018-07-25,0.0
2018-07-26,0.0
2018-07-27,0.0
2018-07-28,0.0
2018-07-29,0.0
2018-07-30,0.0
2018-07-31,0.0
2018-08-01,0.0
2018-08-02,0.0
2018-08-03,0.0
2018-08-04,0.0
2018-08-05,0.0
2018-08-06,0.0
2018-08-07,0.0
2018-08-08,0.0
2018-08-09,0.0
2018-08-10,0.0
2018-08-11,0.0
2018-08-12,0.0
2018-08-13,0.0
2018-08-14,0.0
2018-08-15,0.0
2018-08-16,0.0
2018-08-17,0.0
2018-08-18,0.0
2018-08-19,0.0
2018-08-20,0.0
2018-08-21,0.0
2018-08-22,0.0
2018-08-23,0.0
2018-08-24,0.0
2018-08-25,0.0
2018-08-26,0.0
2018-08-27,0.0
2018-08-28,0.0
2018-08-29,0.0
2018-08-30,0.0
2018-08-31,0.0
2018-09-01,0.0
2018-09-02,0.0
2018-09-03,0.0
2018-09-04,0.0
2018-09-05,0.0
2018-09-06,0.0
2018-09-07,0.0
2018-09-08,0.0
2018-09-09,0.0
2018-09-10,0.0
2018-09-11,0.0
2018-09-12,0.0
2018-09-13,0.0
2018-09-14,0.0
2018-09-15,0.0
2018-09-16,0.0
2018-09-17,0.0
2018-09-18,0.0
2018-09-19,0.0
2018-09-20,0.0
2018-09-21,0.0
2018-09-22,0.0
2018-09-23,0.0
2018-09-24,0.0
2018-09-25,0.0
2018-09-26,0.0
2018-09-27,0.0
2018-09-28,0.0
2018-09-29,0.0
2018-09-30,0.0
2018-10-01,0.0
2018-10-02,0.0
2018-10-03,0.0
2018-10-04,0.0
2018-10-05,0.0
2018-10-06,0.0
2018-10-07,0.0
2018-10-08,0.0
2018-10-09,0.0
2018-10-10,0.0
2018-10-11,0.0
2018-10-12,0.0
2018-10-13,0.0
2018-10-14,0.0
2018-10-15,0.0
2018-10-16,0.0
2018-10-17,0.0
2018-10-18,0.0
2018-10-19,0.0
2018-10-20,0.0
2018-10-21,0.0
2018-10-22,0.0
2018-10-23,0.0
2018-10-24,0.0
2018-10-25,0.0
2018-10-26,0.0
2018-10-27,0.0
2018-10-28,0.0
2018-10-29,0.0
2018-10-30,0.0
2018-10-31,0.0
2018-11-01,0.0
2018-11-02,0.0
2018-11-03,0.0
2018-11-04,0.0
2018-11-05,0.0
2018-11-06,0.0
2018-11-07,0.0
2018-11-08,0.0
2018-11-09,0.0
2018-11-10,0.0
2018-11-11,0.0
2018-11-12,0.0
2018-11-13,0.0
2018-11-14,0.0
2018-11-15,0.0
2018-11-16,0.0
2018-11-17,0.0
2018-11-18,0.0
2018-11-19,0.0
2018-11-20,0.0
2018-11-21,0.0
2018-11-22,0.0
2018-11-23,0.0
2018-11-24,0.0
2018-11-25,0.0
2018-11-26,0.0
2018-11-27,0.0
2018-11-28,0.0
2018-11-29,0.0
2018-11-30,0.0
2018-12-01,0.0
2018-12-02,0.0
2018-12-03,0.0
2018-12-04,0.0
2018-12-05,0.0
2018-12-06,0.0
2018-12-07,0.0
2018-12-08,0.0
2018-12-09,0.0
2018-12-10,0.0
2018-12-11,0.0
2018-12-12,0.0
2018-12-13,0.0
2018-12-14,0.0
2018-12-15,0.0
2018-12-16,0.00026936731166518575
2018-12-17,0.015059168680672122
2018-12-18,0.012085995800400122
2018-12-19,0.0015717282047155413
2018-12-20,0.044148129352035735
2018-12-21,-0.029760707480264926
2018-12-22,0.021259915291895963
2018-12-23,-0.006260987720069792
2018-12-24,0.017420421364786144
2018-12-25,-0.05283232790385918
2018-12-26,0.007155679586246484
2018-12-27,-0.052928172022265324
2018-12-28,0.07528817520777302
2018-12-29,-0.03793634080465154
2018-12-30,0.027918175820790262
2018-12-31,-0.03506570116263484
2019-01-01,0.0333947640916891
2019-01-02,0.01547676986411133
2019-01-03,-0.023919971357602026
2019-01-04,0.007481954132244856
2019-01-05,-0.006422931490051164
2019-01-06,0.06220934607735186
2019-01-07,-0.008272154909469384
2019-01-08,-0.002496818673862257
2019-01-09,0.0017155989426695256
2019-01-10,-0.08873293561389355
2019-01-11,0.0011783008683570516
2019-01-12,-0.003885402584207653
2019-01-13,-0.02651037457724548
2019-01-14,0.039979906137220016
2019-01-15,-0.022592948291152253
2019-01-16,0.00767823838819688
2019-01-17,0.008436692675070733
2019-01-18,-0.007502739333271124
2019-01-19,0.018851019050559872
2019-01-20,-0.03714869975000348
2019-01-21,-0.0013960429312785318
2019-01-22,0.01215620249971682
2019-01-23,-0.006488832005974244
2019-01-24,0.0049114315316597075
2019-01-25,-0.0028478331455133125
2019-01-26,-0.0011819568901303096
2019-01-27,-0.005951796314073271
2019-01-28,-0.027822307740837996
2019-01-29,-0.010776118838696048
2019-01-30,0.013093683500713164
2019-01-31,-0.006682514811432045
2019-02-01,0.006030215826756522
2019-02-02,0.007721966628775406
2019-02-03,-0.013135615152330424
2019-02-04,-0.0010961075017973942
2019-02-05,0.005700786650591139
2019-02-06,-0.018439131843860986
2019-02-07,-0.0014897971316328825
2019-02-08,0.0743558155314179
2019-02-09,-8.370970403130645e-05
2019-02-10,0.007259840600786817
2019-02-11,-0.016011492342430152
2019-02-12,-0.0007288682264869222
2019-02-13,-0.0029097828971197
2019-02-14,-0.003835959857317568
2019-02-15,0.0015517839096283587
2019-02-16,0.003622010649990805
2019-02-17,0.012092811998445469
2019-02-18,0.0638342118877593
2019-02-19,0.0045706308172551975
2019-02-20,0.011718018064575649
2019-02-21,-0.008700092200789728
2019-02-22,0.00958005721164776
2019-02-23,0.04179445773151346
2019-02-24,-0.08823166080791553
2019-02-25,0.02287263100840169
2019-02-26,-0.006363321447346233
2019-02-27,0.0008516666946172827
2019-02-28,-0.001774171991941364
2019-03-01,0.0039224813426399175
2019-03-02,0.0008489905245674912
2019-03-03,-0.0052087941798372155
2019-03-04,-0.022725896021899655
2019-03-05,0.03731067424431528
2019-03-06,0.0018467774934336234
2019-03-07,0.0012542592686240305
2019-03-08,-0.0029530974165654076
2019-03-09,0.017721994532782708
2019-03-10,-0.004485677608697212
2019-03-11,-0.011850549209925391
2019-03-12,0.0025864506513881853
2019-03-13,-0.002768766325550992
2019-03-14,0.0015511941372161498
2019-03-15,0.011434025776757851
2019-03-16,0.02160106327787253
2019-03-17,-0.005827909262179214
2019-03-18,0.0009789092934211565
2019-03-19,0.006823792816119708
2019-03-20,0.007943089193719905
2019-03-21,-0.01350852538392241
2019-03-22,0.001877109996426502
2019-03-23,0.00010725620147380784
2019-03-24,-0.002986152202899379
2019-03-25,-0.01421998388883911
2019-03-26,0.0029294443580691553
2019-03-27,0.02490236645846396
2019-03-28,-0.003128774373653473
2019-03-29,0.018397046590745328
2019-03-30,0.0011417506329763046
2019-03-31,0.00026887009908413867
2019-04-01,0.009324372028842131
2019-04-02,0.17515425827076306
2019-04-03,0.015228384413865
2019-04-04,-0.013403504026778808
2019-04-05,0.025490499187311312
2019-04-06,0.00031268318847654184
2019-04-07,0.028143525599282567
2019-04-08,0.017745186806707797
2019-04-09,-0.017105622285251858
2019-04-10,0.02392590431230124
2019-04-11,-0.0505157179414641
2019-04-12,0.006808701195972067
2019-04-13,-0.0023787104153357307
2019-04-14,0.01857689333121519
2019-04-15,-0.02489909132877504
2019-04-16,0.0330676251892626
2019-04-17,0.0057096966111722745
2019-04-18,0.008681160313879239
2019-04-19,0.0014972678383090615
2019-04-20,0.00520078541819391
2019-04-21,-0.004147970053901311
2019-04-22,0.016340169854663446
2019-04-23,0.02546955861449459
2019-04-24,-0.01551056551441755
2019-04-25,-0.0538104878382788
2019-04-26,0.004187479853027978
2019-04-27,0.0025265058661028197
2019-04-28,-0.001456417613672234
2019-04-29,-0.00218338222035138
2019-04-30,0.022103512687730042
2019-05-01,0.008904143918088109
2019-05-02,0.011884519580398323
2019-05-03,0.04816715513821111
2019-05-04,0.017857592231491585
2019-05-05,-0.009112376471970059
2019-05-06,-0.003967594436471243
2019-05-07,0.011034291677912441
2019-05-08,0.031255356423197996
2019-05-09,0.03448833877504146
2019-05-10,0.02870472891038485
2019-05-11,0.13092121537922952
2019-05-12,-0.03198423076154947
2019-05-13,0.11377296838757073
2019-05-14,0.021392060256551184
2019-05-15,0.02647848380704356
2019-05-16,-0.038022425387272095
2019-05-17,-0.06365978404421152
2019-05-18,-0.011829434401869057
2019-05-19,0.12292214542506825
2019-05-20,-0.02250712431665976
2019-05-21,-0.005987499477245382
2019-05-22,-0.03941506286088639
2019-05-23,0.03178885783059402
2019-05-24,0.014315189206928713
2019-05-25,0.0077897133351392065
2019-05-26,0.07872597533195885
2019-05-27,0.004074236911453566
2019-05-28,-0.005713353775559899
2019-05-29,-0.005941806912988653
2019-05-30,-0.04227094482430506
2019-05-31,0.030908509150512825
2019-06-01,0.0010076701141012712
2019-06-02,0.01977912686991836
2019-06-03,-0.06858474957575796
2019-06-04,-0.0514257210533342
2019-06-05,0.015020409705174728
2019-06-06,0.002553218542921485
2019-06-07,0.02375068467286742
2019-06-08,-0.008446948149444631
2019-06-09,-0.036622874325744265
2019-06-10,0.049477305854903474
2019-06-11,-0.012290424094248768
2019-06-12,0.03245391478871183
2019-06-13,0.006408725123167608
2019-06-14,0.05390489341627473
2019-06-15,0.01804813439952525
2019-06-16,0.012470769529123184
2019-06-17,0.0387598440210902
2019-06-18,-0.02724612941288657
2019-06-19,0.021539536774826968
2019-06-20,0.026751854958934847
2019-06-21,0.07250981748426141
2019-06-22,0.042937679626347175
2019-06-23,0.0148475259032384
2019-06-24,0.01791883581164701
2019-06-25,0.0628715550490939
2019-06-26,0.09718817252586184
2019-06-27,-0.12475918707693108
2019-06-28,0.08656764977690608
2019-06-29,-0.027485841102074783
2019-06-30,-0.0623036637737498
2019-07-01,-0.008480282292382497
2019-07-02,0.010254515700246105
2019-07-03,0.04106890077380801
2019-07-04,-0.024531367131814225
2019-07-05,-0.002178980692639948
2019-07-06,0.003107396740058263
2019-07-07,0.004282931911439191
2019-07-08,0.0010168597450558464
2019-07-09,-0.0007496750724000126
2019-07-10,-0.002919008046106552
2019-07-11,-0.0032587537321561925
2019-07-12,0.0012413015301101019
2019-07-13,-0.0011249309142840939
2019-07-14,-0.007521195554109582
2019-07-15,0.00032192292570029803
2019-07-16,-0.00613348642285391
2019-07-17,0.003013764066039797
2019-07-18,0.0032309537493902364
2019-07-19,-0.0009542877820451387
2019-07-20,0.0015929171878152006
2019-07-21,-0.0006962354346128211
2019-07-22,-0.0017315457889151024
2019-07-23,-0.0011515135542750027
2019-07-24,0.0010449731161359503
2019-07-25,0.0005543486782722875
2019-07-26,4.532941135207738e-05
2019-07-27,-0.002609471794830626
2019-07-28,0.0008942073641652871
2019-07-29,-6.035470135303051e-05
2019-07-30,-0.0001611403818672545
2019-07-31,0.0019062571696831575
2019-08-01,-0.00023142371864456163
2019-08-02,3.911212231188512e-05
2019-08-03,0.0009553268037812603
2019-08-04,0.00013209044067196402
2019-08-05,0.002245995473721662
2019-08-06,-0.0014865114619215616
2019-08-07,1.0479206262716126e-05
2019-08-08,-0.001045605642674899
2019-08-09,-0.002292108468858646
2019-08-10,-0.0009801824292711217
2019-08-11,0.002333586810879109
2019-08-12,-0.001060120008858518
2019-08-13,-0.0005828555074928022
2019-08-14,-0.00502739223738225
2019-08-15,0.0004119822794558293
2019-08-16,-0.0006926529902630325
2019-08-17,6.569051005668442e-05
2019-08-18,0.0023062441172526393
2019-08-19,0.0018427605511381253
2019-08-20,-0.0013050293965506394
2019-08-21,-0.002281112483380569
2019-08-22,0.0008083985874569355
2019-08-23,0.00098764732968432
2019-08-24,-0.0008332621355946446
2019-08-25,-0.0010831778030082316
2019-08-26,0.00045692436660281483
2019-08-27,-0.00032341898725546733
2019-08-28,-0.0035457141482997515
2019-08-29,-0.0010780643247685527
2019-08-30,-0.00011844575783138846
2019-08-31,0.0010050379624674814
2019-09-01,-0.0002273616948027454
2019-09-02,0.002020254895807986
2019-09-03,6.794980747389287e-05
2019-09-04,-0.0010596223555450993
2019-09-05,-0.000351966798681997
2019-09-06,-0.0012271903246783675
2019-09-07,0.0024968660198074967
2019-09-08,0.00094128042555809
2019-09-09,-0.0002624973346472391
2019-09-10,-0.00019920557125588912
2019-09-11,-0.0004311740119106633
2019-09-12,0.0007231276072777153
2019-09-13,0.00012138574773586382
2019-09-14,0.0018369879368220047
2019-09-15,0.00014662196387817158
2019-09-16,0.0020789177287057537
2019-09-17,0.002431276160768023
2019-09-18,0.0005739624662354563
2019-09-19,0.0023909098376355986
2019-09-20,-0.0006121898025471973
2019-09-21,-0.000634947638431087
2019-09-22,-0.0008713872497500794
2019-09-23,-0.0023031109638024004
2019-09-24,-0.00803446320474422
2019-09-25,0.0010379019063476882
2019-09-26,-0.0011698611810774025
2019-09-27,0.0022894223082364144
2019-09-28,-9.366920009689804e-05
2019-09-29,-0.0011368652377511995
2019-09-30,0.003196375072001152
2019-10-01,-0.0012636181479787221
2019-10-02,0.0012302388777518628
2019-10-03,-0.0015337923343138676
2019-10-04,0.0002530665175035011
2019-10-05,0.00026504433098191807
2019-10-06,-0.0017796156931122302
2019-10-07,0.002747437696788153
2019-10-08,0.00016584806220101616
2019-10-09,0.0032001002207637428
2019-10-10,-0.00035683476720224514
2019-10-11,-0.002708944627202657
2019-10-12,-0.00021196551863726805
2019-10-13,0.0003790087567421362
2019-10-14,0.0014376427331650342
2019-10-15,-0.0015978146541361328
2019-10-16,-0.0014927482417486473
2019-10-17,0.000656008092412884
2019-10-18,-0.0010554982171842382
2019-10-19,-0.0002930931858882277
2019-10-20,0.0009520837506312981
2019-10-21,-0.000398136324862536
2019-10-22,-0.0007892863099101692
2019-10-23,-0.002405836810904977
2019-10-24,-0.00043123713410327976
2019-10-25,0.005945807181408418
2019-10-26,-0.00045312315565895165
2019-10-27,0.001124981044676818
2019-10-28,-0.0005310561455292134
2019-10-29,0.0022805756582484605
2019-10-30,-0.0018937190161436488
2019-10-31,-0.0002042299212590576
2019-11-01,0.0002409543592758269
2019-11-02,-4.846995974280809e-05
2019-11-03,-0.0003140836855437524
2019-11-04,0.001086969442534364
2019-11-05,0.0006865931697087694
2019-11-06,0.0005606891776201683
2019-11-07,-0.0011727316609117988
2019-11-08,-0.000721041441803032
2019-11-09,0.000402757744414036
2019-11-10,0.0010494230884778503
2019-11-11,-0.0011368269736840686
2019-11-12,0.0005879738454366757
2019-11-13,0.00024047170083647555
2019-11-14,-0.0008201719949827541
2019-11-15,-0.0012089557800037832
2019-11-16,0.000696076099961236
2019-11-17,0.00037399900122283235
2019-11-18,-0.0015154004834819642
2019-11-19,-0.0005794815686392412
2019-11-20,-0.00033690990695406576
2019-11-21,-0.003616304494449485
2019-11-22,-0.0032015166984160877
2019-11-23,0.0007505489756856115
2019-11-24,-0.0036275434293061015
2019-11-25,0.0019148113246781656
2019-11-26,0.00043114927766610916
2019-11-27,0.0016661706945634365
2019-11-28,-0.0005465382216729542
2019-11-29,0.001175373785596425
2019-11-30,-0.0009067714450615824
2019-12-01,-0.00024606944013229136
2019-12-02,-0.0006197425414962985
2019-12-03,-0.00047605008401753576
2019-12-04,-0.0006210688253786827
2019-12-05,0.0008500945913524033
2019-12-06,0.00021751602205057684
2019-12-07,-0.00047646248402763116
2019-12-08,0.0010682980629848485
2019-12-09,-0.0010428919944858765
2019-12-10,-0.0005528565638491106
2019-12-11,-0.0007548591116601186
2019-12-12,0.0004746094007027834
2019-12-13,6.353333513813955e-06
2019-12-14,-0.0009020587373606725
2019-12-15,0.0002231887451740207
2019-12-16,-0.0031590603903763146
2019-12-17,-0.003671170708853479
2019-12-18,0.004043696045036123
2019-12-19,-0.0016852271957778515
2019-12-20,7.814293345389698e-05
2019-12-21,-0.0003546408984606221
2019-12-22,0.001739438697553586
2019-12-23,-0.0014876669952366894
2019-12-24,-4.980515971446597e-05
2019-12-25,-0.0010291459325137845
2019-12-26,0.0002363332361243561
2019-12-27,0.0002677905434728788
2019-12-28,0.0006551113329007058
2019-12-29,0.002305871764467717
2019-12-30,-0.0010936185946721305
2019-12-31,-0.0008437635527796472
2020-01-01,0.0005474413097099715
2020-01-02,-0.0012297571575749064
2020-01-03,0.002575257568015621
2020-01-04,-1.3625121019863016e-05
2020-01-05,0.0004429371345864373
2020-01-06,0.002921356008176215
2020-01-07,-0.0004020480531290232
2020-01-08,-0.0007784469925693995
2020-01-09,-0.0008920537399951102
2020-01-10,0.0023488284834065395
2020-01-11,-0.0007245101733124393
2020-01-12,0.0012413933791601134
2020-01-13,-0.0009061294730103721
2020-01-14,0.00710405300862328
2020-01-15,0.0001066171741338086
2020-01-16,-0.0005431505475739653
2020-01-17,0.0016643297455178616
2020-01-18,0.0010765490057863011
2020-01-19,-0.001874419904955953
2020-01-20,-7.800847178525385e-05
2020-01-21,0.000683640723482769
2020-01-22,-0.0003083060620064373
2020-01-23,-0.0015123171833876965
2020-01-24,-3.141821472297919e-05
2020-01-25,-0.0004972915131216843
2020-01-26,0.0020206955361082943
2020-01-27,0.0005660135906596758
2020-01-28,0.001679033654625183
2020-01-29,-0.0006237800222160479
2020-01-30,0.0029432685071145745
2020-01-31,-0.0012108585098243555
2020-02-01,0.0010405952490436649
2020-02-02,0.0012028684108014273
2020-02-03,0.00032600415109501537
2020-02-04,-0.0003189474247936036
2020-02-05,0.0038494520935076475
2020-02-06,0.0020817190284869408
2020-02-07,0.0023001744309989287
2020-02-08,-6.3616553472256635e-06
2020-02-09,0.0011537269618956405
2020-02-10,-0.0011318516498323495
2020-02-11,0.0030860572578248627
2020-02-12,0.00563351724063932
2020-02-13,0.0004674823941220416
2020-02-14,0.003074214242536375
2020-02-15,-0.00354744141168206
2020-02-16,-0.0008637253289142143
2020-02-17,0.001431051108509912
2020-02-18,0.0028714438836306075
2020-02-19,-0.004233594207234739
2020-02-20,-0.00020662355137199064
2020-02-21,0.0015254647522670035
2020-02-22,-0.0006587706724909253
2020-02-23,0.002556474847515557
2020-02-24,-0.0017537257282940742
2020-02-25,-0.003565761770414981
2020-02-26,-0.004594613144031735
2020-02-27,0.0008026098867973581
2020-02-28,3.491402332846205e-05
2020-02-29,-0.0021457141244405693
2020-03-01,8.202163591381747e-05
2020-03-02,0.003143562664533725
2020-03-03,-0.0017398986994993447
2020-03-04,0.00020176999599566628
2020-03-05,0.0008634613949264607
2020-03-06,0.003668740254746465
2020-03-07,-0.0016260538052478245
2020-03-08,-0.007920670658773896
2020-03-09,0.000822179301449866
2020-03-10,-0.0006011604110416598
2020-03-11,-0.0014296718339440364
2020-03-12,-0.021539048504898725
2020-03-13,0.011160884876739594
2020-03-14,-0.004563929298845778
2020-03-15,0.0003782869974899647
2020-03-16,-0.0049127569638288794
2020-03-17,0.0021526467207786874
2020-03-18,0.001969024498035074
2020-03-19,0.030286226115021183
2020-03-20,-0.00023776246615440601
2020-03-21,-0.0014037027026883244
2020-03-22,-0.029183053901821483
2020-03-23,0.0618074486205597
2020-03-24,0.02561729871593585
2020-03-25,-0.00862780345815556
2020-03-26,0.008512636790819705
2020-03-27,-0.04996023534303897
2020-03-28,-0.01763476316727005
2020-03-29,-0.060089032346743225
2020-03-30,0.08894626292483275
2020-03-31,0.0022637869545081147
2020-04-01,0.034907009992528264
2020-04-02,0.023149966044191325
2020-04-03,-0.008208911781966173
2020-04-04,0.02017984581462889
2020-04-05,-0.01486064372888056
2020-04-06,0.09015523426448498
2020-04-07,-0.02120591692519944
2020-04-08,0.024068092766143342
2020-04-09,-0.010331005346535471
2020-04-10,-0.05721367521827993
2020-04-11,0.0009632639661917797
2020-04-12,0.003505739429724328
2020-04-13,-0.0066175005839873065
2020-04-14,0.002705851282976804
2020-04-15,-0.0374291961661804
2020-04-16,0.07634769507053517
2020-04-17,-0.012093726304437577
2020-04-18,0.036836013817549085
2020-04-19,-0.01959364015909621
2020-04-20,-0.0403411228825472
2020-04-21,0.0020324187750732406
2020-04-22,0.04227825716878054
2020-04-23,0.04644991628650254
2020-04-24,0.0031502321276635856
2020-04-25,0.007055405509024081
2020-04-26,0.020049155796563776
2020-04-27,0.010124372214264831
2020-04-28,-0.002209033350946184
2020-04-29,0.12867100111614158
2020-04-30,-0.019584129254548808
2020-05-01,0.0237834950956614
2020-05-02,0.016609491218012504
2020-05-03,-0.008041304205663484
2020-05-04,-0.004294610297251887
2020-05-05,0.01580986685050741
2020-05-06,0.010933261210339686
2020-05-07,0.09040233273733264
2020-05-08,-0.018939375194005827
2020-05-09,-0.02482183187655566
2020-05-10,-0.08586768695077895
2020-05-11,-0.017700674787977454
2020-05-12,0.029024656733622037
2020-05-13,0.05488832274149097
2020-05-14,0.04924629120250487
2020-05-15,-0.049038388944610205
2020-05-16,0.009897157478186808
2020-05-17,0.029310158682235063
2020-05-18,0.007386709276786141
2020-05-19,0.006378861819312813
2020-05-20,-0.0272459602307082
2020-05-21,-0.047675175145160835
2020-05-22,0.013587601128468015
2020-05-23,0.0010458411809750221
2020-05-24,-0.04936260688557734
2020-05-25,0.02104210473896824
2020-05-26,-0.007401439033015062
2020-05-27,0.041146563841404166
2020-05-28,0.04048059142174666
2020-05-29,-0.015329620303086528
2020-05-30,0.033619555252456745
2020-05-31,-0.02763708585000384
2020-06-01,0.07925169899933693
2020-06-02,-0.06482012464456595
2020-06-03,0.015613833347040487
2020-06-04,0.011728907625261242
2020-06-05,-0.017231843516216882
2020-06-06,0.005302757812983547
2020-06-07,0.008370539526949711
2020-06-08,0.003538177027390695
2020-06-09,-0.0010919638424806957
2020-06-10,0.012152235049626044
2020-06-11,-0.06364417732259582
2020-06-12,0.02181822600057258
2020-06-13,0.0011756540128338069
2020-06-14,-0.015660007857822004
2020-06-15,0.010494240834063952
2020-06-16,0.010450824142696472
2020-06-17,-0.00716963427224967
2020-06-18,-0.009176291842595942
2020-06-19,-0.0075845455411757065
2020-06-20,0.005204980705785164
2020-06-21,-0.007513886109915395
2020-06-22,0.043987610062320534
2020-06-23,-0.00591405754675009
2020-06-24,-0.034756897966160195
2020-06-25,-0.005198328530884804
2020-06-26,-0.00889861795081425
2020-06-27,-0.017226030332144718
2020-06-28,0.012287211877232414
2020-06-29,0.00799574446775192
2020-06-30,-0.0062506685303706745
2020-07-01,0.011594263658184998
2020-07-02,-0.015305703023621104
2020-07-03,-0.0034163885176421585
2020-07-04,0.00874599264198047
2020-07-05,-0.006617565359083985
2020-07-06,0.03119312749723685
2020-07-07,-0.009683546478915207
2020-07-08,0.019919513896699773
2020-07-09,-0.021193140042219127
2020-07-10,0.004774841289756513
2020-07-11,-0.005002264698295521
2020-07-12,0.0076379157469267794
2020-07-13,-0.008043332355900636
2020-07-14,0.0020812748969837773
2020-07-15,-0.006683813622298982
2020-07-16,-0.006881464694799608
2020-07-17,0.0022610297314623715
2020-07-18,0.0028125812385709718
2020-07-19,0.004248040309457385
2020-07-20,-0.0056942037831981505
2020-07-21,0.025588715018301
2020-07-22,0.01858902645030949
2020-07-23,0.00983974921473046
2020-07-24,-0.006083510440806867
2020-07-25,0.02074565873487461
2020-07-26,0.023642696530417208
2020-07-27,0.10622547024431532
2020-07-28,-0.009868992440639428
2020-07-29,0.014935448977248246
2020-07-30,0.002764623292239204
2020-07-31,0.02251239772834951
2020-08-01,0.04412262725299949
2020-08-02,-0.061605075593367566
2020-08-03,0.015964559608876994
2020-08-04,-0.0032384983652983088
2020-08-05,0.04890978055567168
2020-08-06,0.00045448226831135683
2020-08-07,-0.01553021562378572
2020-08-08,0.01669213239374829
2020-08-09,-0.008440275494034062
2020-08-10,0.017838078582161267
2020-08-11,-0.041989173875651264
2020-08-12,0.02141310661667628
2020-08-13,0.0
2020-08-14,0.0
2020-08-15,0.00261602008662587
2020-08-16,0.0042434270134292795
2020-08-17,-0.0007616689655558506
2020-08-18,0.03183532116079646
2020-08-19,-0.03178926884335398
2020-08-20,-0.017040860137296887
2020-08-21,0.01118344328453702
2020-08-22,-0.012925041408680893
2020-08-23,0.005611212175561818
2020-08-24,0.027033224622910586
2020-08-25,-0.04361308888833759
2020-08-26,0.011387512645586241
2020-08-27,-0.01561938958707354
2020-08-28,0.032385815898491536
2020-08-29,0.0
2020-08-30,0.005596475314602056
2020-08-31,0.012116717757105322
2020-09-01,0.013394196840560868
2020-09-02,0.03394137542288167
2020-09-03,0.0
2020-09-04,-0.01663139846659567
2020-09-05,-0.02479060200526984
2020-09-06,-0.03610209336169257
2020-09-07,0.0
2020-09-08,0.0030963653024684845
2020-09-09,-0.006384152748474481
